Temperature,Voltage,Pressure,Vibration,Speed,Anomaly
64.96714153011233,226.99677718293,4.324821725025618,0.1382886631839133,1240.9519185105198,0
58.61735698828815,224.62316841456385,4.8554813292844825,1.709422483830747,1490.6389533182748,0
66.47688538100692,220.29815184960088,4.207580079000039,2.3795916998675337,1505.405061613334,0
75.23029856408026,216.76531611147212,4.69203847036096,5.831531486010285,1641.7891037530217,0
57.658466252766644,223.49111656806795,3.106385333046214,3.8348296868006373,1089.942491015752,0
57.6586304305082,221.96742692710876,5.213293707372938,0.996777646350163,1677.7701821541991,0
75.79212815507391,224.47596610013866,5.001205475362224,3.7290544341264553,688.6825105191674,1
67.67434729152909,223.17585900840984,4.182911368931809,0.6790440165924516,1311.034634290857,0
55.30525614065048,225.24776357659667,5.659245668432405,4.6240365808306105,1353.5178472645366,0
65.42560043585965,217.32382394219715,5.937570137626558,2.293313022273182,1689.9980478213715,0
55.365823071875376,226.58697032817162,3.392440135631026,2.859545716891244,1506.7892558030608,0
55.34270246429743,220.987998023462,4.237275221433785,4.988694971313285,1078.331083843114,0
62.41962271566034,230.37630436312634,4.230857650212702,1.069254647123625,1204.5020622548955,1
40.86719755342202,216.55406090955216,4.0600968988911355,0.9043227223305133,1559.6040028642221,0
42.75082167486967,228.67981901582624,5.829474841931749,2.1246010104809927,1476.279797440633,0
54.37712470759027,220.98955391731323,4.8061738612271965,4.557568276528975,1326.262767109276,0
49.87168879665576,216.74290998192777,4.735485158689389,0.7209808867847363,1355.7498631464061,0
63.142473325952736,217.5805708297284,2.9961376355932465,-1.248233397165853,1708.8503991477867,1
50.91975924478789,218.39826345902839,5.635418030209227,2.323261712386502,1344.6922281392356,0
45.87696298664709,222.12082973200958,3.7607416051465274,3.8276111998663804,1473.572626791278,0
74.65648768921554,222.61417744017749,5.059932630266328,4.800392624608244,2150.9809764241627,1
57.74223699513465,217.1314999803071,5.277376937958191,2.3052579568719014,1072.8952089348231,0
60.67528204687924,219.8782270386951,6.360658595838651,2.3828600893259964,944.4471805276024,1
45.75251813786544,230.71135179305932,3.691179600880888,4.730851101383621,1735.0768994395821,1
54.556172754748175,228.63771585050355,1.9804878441791747,0.19538745045686934,1296.407081611769,1
61.10922589709866,222.18161834837016,5.183849544753695,2.4172188372254864,1404.528741677214,0
48.490064225776976,220.190017390841,6.800511181510854,3.2856358348875867,1265.6530865606658,0
63.75698018345672,220.6001566335913,6.238946352939437,3.6738280819275513,1422.0599577697462,0
53.99361310081195,223.06758986365207,5.209659415274626,2.2352899602136764,1979.5614336289025,0
57.083062502067236,214.88603717400798,4.508363814367953,3.0516615175587622,1740.6385375854359,0
53.98293387770603,218.71311731288327,5.80712259663731,-0.7324910301194842,1758.667053566093,0
78.52278184508938,211.65707963061206,4.026453800295531,2.0126273814992275,1075.1318832622064,0
59.86502775262066,221.9961156130264,5.476357769356219,3.6802630688317013,1154.6538790341392,0
49.422890710440996,223.23597969851372,5.505470159166627,1.5265589486179807,648.2764021543719,1
68.22544912103189,217.58406768850313,6.06020990749888,3.088476332384396,1257.1857536751738,0
47.791563500289776,227.86993381645016,7.759660038911077,3.670308751204047,1787.0109559156977,1
62.08863595004755,213.8711716849883,5.392415967178767,2.486176198713353,1655.0839547245114,0
40.403298761202244,212.67812559895088,4.491036374292501,3.2556956564948565,1433.546021114363,0
46.71813951101569,221.12225909279985,4.974425687808005,1.5559011520730817,1493.309914884584,0
61.96861235869123,225.23549151306077,3.2309240951108817,2.69008308045593,1293.3343372273785,0
67.3846657999541,228.41963845728935,4.305286868910942,3.915324254383834,1561.4276647205352,0
61.7136828118997,217.7055786856553,4.590717561886896,3.2354594414526514,1729.7634838441845,0
58.843517176117594,225.3934041671565,4.475911602065407,2.1202030956540967,1015.2339637768582,0
56.98896304410711,219.80745765249645,5.152354872033722,3.3363246064361896,1589.8943063512045,0
45.214780096325725,219.1368635002959,4.177580067617799,4.071914685954927,1779.7304612864002,0
52.801557916052914,224.41829968743338,6.121030667324471,-0.07491191786621698,1375.469913310989,0
55.393612290402125,223.2616143920671,5.000207064918197,4.7386110974338465,1710.210183636175,0
70.57122226218915,212.11803921507874,4.990699678861386,2.495617891978392,2344.396333341766,1
63.43618289568462,227.38270174862947,4.672105283487082,3.6382348998603455,1468.6971621039324,0
42.36959844637266,226.90045677073726,5.155190683858979,4.7958703854678415,1617.992115001597,0
63.24083969394795,216.87218649245236,5.825098264667635,0.942489454154301,1278.5828749015825,0
56.149177195836835,221.97901766718704,4.1328697842891,1.93583849635868,1554.375348780615,0
53.23077999694041,222.47015093141368,4.341883510924744,2.567176956186443,1638.0814874946911,0
66.11676288840867,221.30336882911953,4.696273971223335,1.8243697183133576,1558.4527020810415,0
70.30999522495951,217.2484742307729,3.654129076526785,5.602404863755213,1194.091404087343,0
69.31280119116198,216.64188316030973,4.180742140278502,1.714841859259811,1561.9085313976352,0
51.607824767773614,219.87222964504278,4.523779126455341,2.1666798307697004,1938.658781615291,0
56.907876241487855,225.86364509629684,5.874389180712727,3.306583547404465,1634.5907293543582,0
63.31263431403564,222.71800077297218,5.262561329001925,1.1967757108858668,1788.5961567215522,0
69.75545127122359,218.14692833956946,5.193589911367544,2.406478932365604,1428.8964089962117,0
55.2082576215471,223.85849355324171,5.850897962167972,3.4761798918752627,1724.970071827113,0
58.14341023336183,205.75728689684962,4.862628211600604,2.500709393426233,1583.7803514649577,1
48.93665025993972,225.74382850186052,5.39046484992889,2.8599197116500776,1214.7267810938304,0
48.037933759193294,211.3014311061095,4.896778247067504,2.206001831327444,1595.5563014396623,0
68.12525822394198,218.18779529298433,5.265362349399629,0.7282945362288498,1202.491000967907,0
73.56240028570824,214.40165052686928,4.417241342388418,3.482389817008858,1310.1359175345624,0
59.27989878419666,213.52659262139548,2.561182841723571,5.632399607470862,1556.7984921877123,1
70.03532897892023,225.80413393689258,4.865720837813696,3.027602446175157,1589.173282014037,0
63.61636025047634,217.66149399344053,6.4227481360999406,3.3378961758713244,1143.2302604768613,0
53.54880245394876,221.7325194086536,5.926215402241592,4.039084132675289,1816.1957313548628,0
63.61395605508414,219.76539710560408,5.965397484591171,1.0960042551799511,1671.601883490142,0
75.38036566465969,222.38520413611562,6.236130721806218,5.553771987194408,1288.581469316735,0
59.64173960890049,220.38410945530129,5.0886575909614375,3.303493194634203,1038.7245610652474,0
75.64643655814007,213.58503887905715,5.197315707405596,5.447785348633664,1456.5286262755706,0
33.80254895910255,224.9813340972357,4.38234810456565,1.9004505067140158,1366.216885841652,0
68.21902504375224,217.53121708419343,4.683927143972951,5.727092883836737,1533.942137115907,0
60.870470682381715,212.21709050670125,5.615771149771142,4.162733241052175,1391.06500165333,0
57.009926495341325,217.85942419517045,6.203884437168816,3.829560128778538,897.7629417764971,1
60.91760776535502,227.50379895317155,4.860553724319001,3.351036681529722,1383.4959185096525,0
40.124310853991076,224.25110871056745,4.549810735148588,2.627207072888326,1408.314266679506,0
57.80328112162488,218.2567393279607,5.000527958856598,4.800797487710809,1690.0983074322176,0
63.57112571511746,218.25371147840787,5.601206748929115,3.2105398047720706,1290.5400976166852,0
74.77894044741517,218.39182474391308,3.556145183866458,0.0493954446192717,2003.6024020117698,1
54.81729781726352,230.3837399178042,2.703819046862762,1.3242203074394965,926.5078348044729,1
51.91506397106812,221.90967726115775,4.449463150508416,2.721231371710879,1893.3502493407873,0
54.982429564154636,222.15020823595535,3.779287574085841,3.4649984747483327,1432.7043087365685,0
69.15402117702074,225.15141727015921,4.491859802352689,2.915117266650156,1757.8754617030668,0
63.287511096596845,221.19394579513258,4.852219681182529,4.828456184690495,1523.94044521762,0
54.70239796232961,218.7047892708965,4.546751590976987,0.07334720394206284,1841.8666608076408,0
65.13267433113356,219.01825075457512,6.452467534470745,3.21538190475774,1383.7914106341566,0
60.9707754934804,219.64199370292968,5.32674476460232,0.2730311619192678,1170.4138724466563,0
69.68644990532889,219.8138888174508,5.300474359610829,4.139568443226253,1926.151286181319,0
52.979469061226474,223.6381477181849,5.622207144043402,2.8583119283369958,1465.9558062353576,0
56.723378534022316,220.2597294290365,3.861166882219231,3.629414958036177,1566.4675420872632,0
56.078918468678424,223.6632003860779,6.039111787420269,1.704175559115351,1870.4255742134385,0
45.364850518678814,219.59641709945708,4.92423571346454,4.919197397486627,1190.4134273716695,0
62.96120277064576,220.39317595158045,5.670480617241212,4.562586996088277,1678.6472692917773,0
62.610552721798896,210.00899657733947,3.9281427669598443,3.8753164545178316,1323.0315730611328,0
60.05113456642461,224.58163837351242,3.446241233983936,2.805724129704839,1460.3491933066884,0
57.65412866624853,221.73244237948995,5.817889658025028,3.869785927942698,1521.6836896152868,0
45.84629257949586,224.99005054929827,5.376409526097516,1.9396611480189767,1049.933441565919,0
55.79354677234641,205.51872310903155,4.09794844564249,4.283333488531068,1266.3488871538696,1
56.572854834732304,230.44187352390364,4.130336918725305,5.474221341485881,1905.3218677239418,1
51.97722730778381,219.30205185922412,6.12543478441477,4.605915839968779,1765.8573565754386,0
58.387142883339905,225.5409140836876,3.810588107132672,1.9055962952888859,1481.2081268018296,0
64.04050856814538,214.80047036437236,6.642672953255963,3.5421259759096544,1572.9370375538679,0
78.8618590121053,223.06386952531284,4.099379265352131,1.0602876843620284,1411.7272483090628,0
61.74577812831839,214.73292218413172,5.638391925608383,3.8585854667635138,1906.9750157483945,0
62.57550390722764,216.88115519652098,4.671381524251015,3.6759051192938084,1439.8942266617507,0
59.25554084233833,229.57015676933392,5.603187431082343,0.19527549070175398,1569.5526276404544,0
40.812287847009586,219.04658799618326,4.455885997885807,1.2573242341314543,1843.8090432426195,0
59.73486124550783,221.08716436589862,4.837207093927706,2.5752916548843494,1266.788554546228,0
60.60230209941027,224.35033865344377,5.040919175395721,2.5487103792887607,1967.6367553490682,0
84.63242112485287,222.47840943986301,3.9978125442185273,1.185784596871792,1040.861577076987,1
58.076390352188774,220.7520945257179,5.740824345420126,3.5834680940282757,1988.8926393338397,0
63.015473423336125,221.82480501233113,4.486786433528414,3.377210413410768,1388.1973248144077,0
59.65288230294757,232.01707792619138,4.771400084659981,2.708596302032221,1427.1903756524155,1
48.31321962380468,219.71190601483207,4.005650625391488,1.8663127497624556,932.9969486451172,1
71.4282281451502,221.00549523357483,2.4376663412046895,4.573060689624845,1363.561584786692,1
67.51933032686775,225.25327198003805,4.808972237399831,5.483110669632443,1188.0580406919348,0
67.91031947043047,225.5276296647899,7.412615421612916,2.274657774230194,1317.7060963879583,1
50.906125452052606,225.9351515278019,5.7846042878980235,2.081749624267769,1458.806710263336,0
74.02794310936099,223.19365111014594,4.980739620265606,3.7368114981179943,1787.3374843418717,0
45.98148937207719,214.2849754363476,4.737109170791732,2.4629559303795205,1562.2810054201877,0
65.8685709380027,228.16715766150548,5.022465892812046,2.7909041990051486,1592.3029960203341,0
81.90455625809979,214.26827303490657,5.54711911517521,4.109479727587007,1171.3441833463312,1
50.09463674869312,221.51317732619518,3.819187184691155,0.1359658687390608,1235.773773119181,0
54.33702270397228,216.2286207499032,6.114321694668872,4.9774534872790035,2039.6175055053936,1
60.99651365087641,219.67930826703503,5.715381315441244,3.109020786494012,1279.439689571026,0
54.96524345883801,221.64381205151741,5.718185725707935,2.3827602831567294,1996.8624756171887,0
44.493365689338674,221.60678607725137,5.438475738809728,2.8661487686678266,1427.08164033574,0
60.68562974806027,222.1096037711764,5.01961665769399,2.943644032530778,1500.6863808430512,0
49.37696286273895,228.06855634529325,5.67286123596682,0.403198044832612,1821.109548068979,0
64.73592430635182,222.2676715075699,5.591814133741378,5.242407341179854,1881.567726581597,0
50.80575765766197,218.77921682354676,4.645959289058976,3.061988448405928,1466.7562319162737,0
75.4993440501754,224.8204358414418,4.426398227103099,3.6645031956710628,1383.5270839435384,0
52.16746707663763,225.9473524446232,5.101856295261987,4.427324655861064,1483.223865443336,0
56.77938483794324,213.86196092431504,6.549020151495188,1.4682563136595497,1601.3872584696355,0
68.1351721736967,222.98700034924929,3.7608929243460993,3.7102078485528427,1767.3911060609266,0
47.69135683566045,223.5058637115545,3.53247473424756,2.5985383636518096,1501.2689576982455,0
62.27459934604129,218.51218248320004,5.164760841236517,4.27015616282474,1685.665889406946,0
73.07142754282428,226.8785340665581,5.050887701856018,-0.19084113052724305,1991.5079196812821,0
43.92516765438772,219.24972206483736,5.173341664370408,2.8513585496380967,1614.3928836794355,0
61.84633858532304,220.6278822673577,5.243953197908501,2.0957690163240574,1593.4958568014335,0
62.598827942484235,219.13464087858065,4.776797745365195,3.648394425951233,1044.3267524729797,0
67.81822871777311,220.07789523790734,6.489863438602082,3.705066281052303,710.7809589512809,1
47.63049289121918,214.518624565524,3.3990960215234844,1.9385611577669608,1616.5127187690505,0
46.795433869157236,212.79974558702853,4.171502975219754,1.9317392037359347,1471.5527306157383,0
65.21941565616898,227.97252531612486,4.896745239850953,2.8340019471640057,1345.5651975255773,0
62.96984673233186,215.76519325840837,3.3568111888458327,1.6550366590271879,1573.0590612559033,0
62.504928503458764,215.04303825271847,4.824145595567929,4.26297554317819,1481.8788812409275,0
63.46448209496975,209.2330494319814,6.661470165728018,2.4461891993288307,1838.3340751901696,1
53.19975278421509,216.8051912615525,5.020886488295962,-1.360482328982462,1525.8332604776933,0
62.322536971610035,213.38455103296252,5.230700905718684,2.4377669150672907,1275.9230144789497,0
62.93072473298681,228.21007580068184,3.73983523482742,1.4421842687340414,1797.0498716877867,0
52.85648581973632,225.04908544671318,4.383638591960523,0.5530862768085818,1434.8606775161393,0
78.65774511144757,216.55924827411138,4.624803619676063,1.1438600426661414,1657.961005101692,0
64.73832920911788,231.26217902672155,4.682284903243766,3.164112707749455,1356.7767881421598,1
48.08696502797351,224.90882743495797,6.2816437950037685,4.992961242372347,1305.051934350769,0
66.5655360863383,218.3758430824569,5.557691060725125,3.46977671079747,1525.250469055709,0
50.253183297726785,207.50297142563213,3.888542043062968,2.09024491767639,1503.8485930631055,1
67.87084603742451,231.4547128629537,5.246504778432005,3.683856292756054,1643.94811061005,1
71.58595579007404,213.05213766618203,5.4982217484967855,2.3113645346715126,1419.4062740070772,0
51.7931768164829,211.77300626521554,6.140149038521266,1.9580994462552832,949.0920648688808,1
69.63376129244321,225.1128521600482,6.580540686568374,1.2684559976505234,1370.1678349234835,0
64.12780926936499,232.19876203169636,3.9849058081721314,0.3722567898724214,1738.1455401431447,1
68.2206015999449,226.92136409255258,4.1891424887896616,2.415114440160832,1410.7871762270681,0
78.96792982653947,222.8195456002618,3.7424221410853837,3.2370802348801977,1426.0849792456356,0
57.54611883997129,222.97377170832644,4.765980140893019,2.8550644949776656,1795.912951771781,0
52.4626383564251,224.26707779390154,5.466358374446335,2.376049608078962,1286.4080318223232,0
51.10485570374477,223.7946429489338,5.987334516589102,1.5813809089548283,1037.1590345271302,0
51.841897150345616,221.40595711984687,4.9240489763574775,3.9123692875274525,1451.8106641423517,0
59.228982905858956,220.52100551975937,4.680152476745156,1.0243021200801226,1354.7478146253789,0
63.41151974816644,219.6870343605024,5.15175799224874,4.164041870765213,1210.1261040740237,0
62.766907993300194,216.23017705566662,4.164857098369977,1.496674471609913,1447.3864632303928,0
68.27183249036024,218.59662461566612,7.089538721694773,1.8713471439704477,1647.451694174035,1
60.13001891877907,211.53521592902308,3.3923389728819413,0.7998222140764844,1497.2134315296553,0
74.53534077157317,219.50830186602624,5.184740578895725,2.247896779671545,1592.0943218058712,0
57.35343166762044,215.05704446424542,7.02360621922964,4.462968687716968,2044.0223095546269,1
87.20169166589619,214.48205341392114,5.006799844559998,3.7734421326659344,1397.1363415327307,1
66.25667347765007,220.8994707557674,4.809960964998505,4.4676331680420525,1583.5045903934008,0
51.42842443583717,226.960011431723,4.642554577189573,3.7832138189009035,1347.2359912202596,0
49.29107501938888,224.59158303001158,4.819608318237592,1.3444952572044462,1246.0920840339081,0
64.82472415243186,212.1474969818841,6.37284847467653,2.503816163508664,1324.527703974669,0
57.76537214674149,215.0518593171483,2.788138088670493,1.829701306323806,1356.3724285434935,1
67.14000494092092,224.7038559399411,6.5334337012963255,4.99586235605856,1607.8427392641377,0
64.73237624573545,215.08756303230845,3.576042847549855,1.2048170303605326,2204.722736010227,1
59.271710873431275,218.87683425001487,4.7333476707655855,4.340546534083666,1285.1869691172478,0
51.532062819315954,222.75026049512275,4.570755579701338,4.339430805163154,1375.0124083153612,0
44.851527753141355,215.1582777256818,5.58855326977072,5.744430302574131,1481.0630960666256,0
55.53485047932979,220.5268775307298,3.4018756481162526,2.3854701110557537,1618.7396546129241,0
68.56398794323472,213.32987252540897,5.462172666081943,4.068483239370243,1579.0652435864354,0
62.14093744130204,216.99316178024392,7.024309623286852,6.4224777548082645,1885.228738184435,1
47.542612212880115,221.5989096707127,3.6368259954071895,2.0735374845994547,772.0823788394375,1
61.73180925851182,212.03503133234165,5.189706167610396,0.6974396287014604,783.9210389412982,1
63.85317379728837,222.202373689802,4.3380178222033905,0.17998494913835472,1351.2365483969552,0
51.16142563798867,219.9018110053666,5.425887206193035,4.069068043291997,1829.1900562631126,0
61.53725105945528,222.76244977208574,5.0191477774157525,0.17527468791212453,1030.3055905183212,0
60.58208718446,221.1195706703233,4.35851309095569,2.4415214205931157,597.7102980918728,1
48.57029702169377,226.82070214986922,5.487872284871074,3.655969780558441,1671.3538218657627,0
63.577873603482836,220.62612251323952,6.804348109786743,3.277763305244871,1573.0971671108143,0
65.60784526368235,217.85297229437373,4.809096208272702,3.6381672962762583,1172.937477960171,0
70.83051243175277,220.61148751516143,5.719757942148182,3.333434783701281,1204.3381197837211,0
70.53802052034902,222.71649014518195,3.7067270421288363,4.91829871997009,1209.0768841095978,0
46.22330632042909,220.2443003516285,4.043563623181991,1.5715254288918046,1533.1605952421821,0
50.62174960084877,220.20295845601942,5.472406277880378,1.9845072923122031,1312.1054171450978,0
65.1503526720866,216.49004156096623,6.484116028535965,1.841010832093764,1648.2191756926559,0
65.1378595091221,216.68549541224525,5.35561334878566,4.245287717793915,643.6120011286827,1
65.15047686306048,212.98697364100153,4.6869419694768455,4.350597882592595,1242.9444404616602,0
98.52731490654722,228.7478837159347,4.999291405423354,3.6768379789777623,1162.183811726685,1
65.70890510693167,213.78068382304357,3.7495922660302825,4.775240500334892,1423.0977964882522,0
71.35565640180599,216.53547401102045,5.604515326355367,1.232938698935429,1338.5856724529585,0
69.54001763493203,216.407963672154,5.88233306232341,5.500836167326705,1739.35313396873,0
66.51391251305797,224.4746218847222,4.54790966716692,5.2848579325683875,942.1989685019828,1
56.84730755359654,218.52525160853986,4.529957852240498,4.10343299586862,1513.6474428992256,0
67.58969220493267,226.23871036336868,5.265878229652048,5.67269836315659,1667.5009269635116,0
52.27174785462428,216.63254687878066,4.563280263959404,0.515065188483339,2056.9942309685866,1
57.63181393259991,221.394970811119,4.933867385374177,2.2133277956060224,1355.4702086719574,0
55.14636452170897,215.82326473370122,7.099721789166516,1.8970448089770715,1597.337581305755,1
60.81874139386323,230.72574563886695,4.752974299254003,4.082218985636015,958.8411622312905,1
83.14658566673509,214.06200790485244,4.641659847978778,1.4247888905967816,782.4131387060928,1
41.32734807408252,221.54910355113515,4.352458194364841,4.1362427240062285,1753.4323127345099,0
66.86260190374513,223.1688844046605,5.744191971499937,5.05580421599507,1498.3319119055789,0
43.87284128810349,222.0689954872575,4.818775826781897,4.042804350125999,1853.5538069395268,0
55.280681342105666,219.07356170561147,4.350626961678574,3.4256265354922517,1087.9791333090752,0
70.88950596967366,219.35089650133287,6.321304032273012,1.518189988648876,1655.9706418586256,0
60.64280019095463,220.21905735989554,6.419603004513637,1.729723550811953,2060.645352163156,1
49.22255222070694,219.26498999185756,4.399576434261295,4.874428357945,1625.9116825071796,0
52.84696290740032,224.81939558397454,3.1334600486393835,4.169023505857998,1582.9744516773146,0
66.79597748934675,231.05261500795675,6.007513689836922,2.9414707209336837,1502.566824247305,1
52.69633368282864,217.21254107496082,4.315370174239996,2.3731356813511644,1028.7355628622263,0
62.16458589581975,213.1509851021046,5.790625599162769,-0.03871180966706511,1906.6718807131044,0
60.45571839903814,219.55858975824373,3.0298961822881645,1.3937213719733417,1316.7427080584803,0
53.483996523941826,232.89854668827158,5.892597338299309,5.867128630709585,1651.3449769149051,1
81.43944089325325,215.98162716015133,3.7888280707192186,1.0793166434962997,1031.089708028624,1
66.33919022318011,228.19558402722035,5.730764119066524,3.284219731831621,1146.162100647666,0
39.74857413342393,228.3885040703822,5.0142730678364344,4.511165959792798,1930.5262197666707,0
61.86454314769428,217.23205879146002,4.046060580603355,1.1176159979965612,1395.8093133126472,0
53.38213535231612,222.84491539592636,4.59296368707322,3.277065712171625,1935.9826428127635,0
68.52433334796224,228.1419831156427,5.686318456956701,4.406873306265982,1476.5308022824447,0
52.07479261567299,218.10436129506257,5.105894453115234,3.0187489828608753,947.4306681126428,1
58.85263558533101,218.98209819948818,5.584412980472484,7.302604583500153,1767.6202799195162,1
65.04987278980457,217.09159543025677,6.976440584515485,0.4971011116827073,1323.0323046733176,0
68.65755194170121,214.92621634653565,3.4357583882889484,4.588092794825818,1709.606644055113,0
47.997035929442234,216.75361227466996,6.617212574968624,2.7407973939053036,1507.5632602620246,0
56.654987641590516,213.8802986661887,5.104355937523213,4.157880232255012,1037.064531617139,0
55.25054688839044,220.17041734129614,4.101215951676872,3.661960727548869,1549.2884296111706,0
53.46670767426288,216.1501338447068,3.66968637426101,1.900265704335005,2158.8669426458396,1
77.65454240281096,221.16892955895375,4.810879609222966,3.34349458868901,1647.8959375543377,0
64.04981710960955,212.22052176898185,5.92165011192446,0.2131478229025694,1482.744674098361,0
47.391160456649544,221.6544011610723,4.872450879622466,3.9048712508570906,1822.6030205870693,0
69.17861947054776,224.16764480804463,6.511154930247347,3.4472376989857887,1563.2005395609333,0
81.22156197012633,210.03132178714273,3.548824309948441,3.9579902529646533,1562.8602690788382,1
70.32465260551147,221.87028284923787,4.987911052153946,4.587177487630726,1172.5124483522693,0
44.80630034045987,226.13834496236646,3.7476065555868807,3.5514297603145666,1570.1544077368794,0
55.15765927133749,213.95179490654397,5.363631882624968,3.222134129697414,1810.6330249250834,0
72.66911149186623,228.36286193418852,5.8868873900973,1.6783974950080616,1249.1813543699925,0
52.92330534381219,222.09509504683024,4.579238206318947,1.9316688545264236,1927.3487463740844,0
64.43819428146229,216.47494072120796,2.3957861433728658,4.780101930265996,1472.4881927564622,1
67.74634053429337,219.72115461171148,5.198948146796495,5.154503108558968,1233.6691465384379,0
50.730695284219166,222.7916345626086,5.43673855173351,2.6428343455319188,1799.2896230760734,0
59.404746439382,220.38002695706206,5.404294754961698,3.069004120879911,1413.9617292785192,0
27.58732659930927,222.69377996223184,6.235782191822154,1.643078437509351,1727.8544662458323,0
49.756123586657104,215.39663203460316,3.928946320350951,4.759135267901167,1412.472410322439,0
57.4743184860684,220.8468041201804,5.68021610545045,3.998125235537668,1482.052156941029,0
47.52216818035151,212.9314275154751,6.192507512477975,5.911826154695624,1648.0680613002874,0
76.32411303931636,219.4438696932565,3.221412415993483,1.6825153842303917,1587.2691172770017,0
45.69858622039367,215.48046179267604,5.319651825918977,2.4329881514726743,901.3404658644785,1
55.599555133030165,216.32235028705117,4.495820168992329,3.3471688837883584,1163.6268779716825,0
61.30740577286091,226.18046587605218,4.918477326898354,3.969734306588656,1778.8229954372446,0
74.41273289066116,225.45655060297133,5.347676483538336,2.6764985436785516,1460.3590233295358,0
45.6413784882056,223.04569060453588,4.512771435886448,1.6905583643194495,1342.8806091685735,0
71.63163752154959,214.5384361766371,4.324291920838388,4.3221112933853565,1092.4277954227578,0
60.10233061019587,218.417957751526,5.034152417488024,4.081703043818372,1176.0791036172454,0
50.18491348952049,226.0654884998959,3.912754061137197,1.6255888491544126,893.4604080114158,1
64.6210347426327,220.7085845681995,3.9141748711148145,5.033164201658243,1469.61578438954,0
61.9905969557347,231.59664769990846,5.679373282956504,4.755298063794905,1320.4687258256859,1
53.99783122841205,221.96658919697185,3.851205964841344,3.2014447458716893,1210.0236327044054,0
60.69802084990019,220.96024558245017,5.666312500909212,3.1193967935640545,1479.562972449614,0
56.1468640313824,218.45441767898748,5.4625912928539515,3.8310866566738606,1609.1911892558214,0
61.13517345251248,220.66770452391142,3.2741932712094033,1.7074453946156127,2127.9593796629833,1
66.62130674521046,219.23765081809728,4.322435347664345,3.0450472187461233,1046.434974131036,0
75.86016816145352,223.54054338344295,6.1941094030473725,-0.22857531691377053,1847.8143129901566,0
47.62184501173151,224.7835115839729,4.018834468860319,4.314683468254403,1791.9304683045216,0
81.33033374656267,216.07005269746026,4.535595737690612,0.6577601663372108,1266.2721781869898,1
40.47912200477498,213.34383523221112,5.462060893251897,5.255129742643499,1560.9707863758092,0
58.482149049644164,210.8189731344835,5.7833905092825955,2.5048198590503246,1362.7100251987154,0
65.88317206484577,222.5399566345627,4.748461113955504,2.682499527103235,1555.7065741256217,0
62.809918677350325,214.48316696913062,4.402489805308359,2.0583991408732416,1952.7393040213651,0
53.77300480179406,209.23554703523757,6.422369861698508,2.5679416891168856,1681.6818697893939,1
57.918777496427246,221.94289302265483,6.738899663797579,5.127797017722055,1652.5825119700326,0
55.06999065341167,232.46499758716396,5.978858050781795,-0.7317129848026189,1370.9072040136073,1
54.106352430557884,219.96964544230053,5.085318142565024,4.915448079132282,1054.7830005226995,0
68.49602097021025,224.1924538722582,4.191734278359074,3.507035221652562,1437.4595368378775,0
63.57015485965047,220.40914679273783,4.169555593443435,1.1894675282141767,1861.9824464591745,0
53.070904047393455,219.50555173404427,5.522514105265757,1.3870314104261432,1041.8496430231057,0
68.9959987543325,224.59538241493885,5.418398220888684,5.514589540812304,1183.4731895469915,0
63.072995208766095,218.54862727905675,6.40159859294643,1.5817396800859032,1537.8803208702204,0
68.1286211883896,221.3369615703595,5.650450092536139,1.269974234106061,1204.6035645458212,0
66.29628841923612,221.60848903098008,3.4969196982401822,4.7059718135470945,1262.2429658654362,0
51.710049890779274,216.65954773178476,6.051947617722918,3.5078293144288715,1372.9204254815468,0
54.39818959803031,224.96021174768262,4.001939372685587,1.5931116351954018,1090.3147787429552,0
67.47293605123262,219.12520121652295,4.616028728047649,3.3249374631069286,1207.7634461350895,0
66.10370265433465,216.22127420253577,5.250200206251694,1.4613709745395842,1711.0283750361928,0
59.79098406035852,222.68254921785203,6.995667489783965,4.651232097633908,1107.7890653307109,0
61.17327383308782,215.5076600910448,8.109918556005361,4.5920564473097,1020.6383596515486,1
72.77664895788425,220.14090578684565,5.606723059136183,3.7980092982329148,1310.9925061398317,0
54.0842861116417,219.954405016779,4.8168033812796125,3.542491591870525,1719.5866507529538,0
65.47097381170038,225.4294778291579,5.53450564848055,5.641782187301061,1440.923457600933,0
57.97807347566106,222.37349116439975,5.887655425873836,2.999529491082338,1360.6256765653145,0
57.8231879677278,219.87486520627428,4.679332374442808,1.2271888118687984,1513.307639254682,0
70.9877685198719,224.08883149600143,6.795211355912322,3.6742108692484603,976.2877701421044,1
68.2541634898803,226.95103774508658,5.230070759191402,6.12907057430567,1648.4116961325099,0
68.13509636000639,222.7890515317593,5.4977430890913945,1.4778607602212217,1615.0305094210933,0
73.05478807154329,220.0517630992169,5.665924252054461,2.4578058499590214,1377.2074577712835,0
60.21003841632759,213.4408188382492,5.4215866106144555,3.624669057152179,1801.7773535389251,0
66.81952971294965,214.67443168462313,5.838940500469612,2.9191427264913914,1161.7511703140883,0
56.89733243406544,218.47387647822666,4.3827468134530765,1.5265446294340281,1838.3726979760706,0
63.24166352488442,216.95243898920359,4.44169824605397,4.682786784345707,1546.3480996785754,0
58.698569456323156,219.06514348507278,3.899845767028305,6.480061083025889,1399.034223036548,0
60.96995964992718,220.28324962448553,5.439501230620227,3.294197188535861,1494.0379093895065,0
65.95157025436913,222.64846377178367,5.778936503512114,1.6438975653959995,1467.8205702567175,0
51.81779316766527,219.64750610970455,5.457772866151886,0.6765592124197877,1866.084868925315,0
80.9238727568546,222.43250821913102,6.674492433347537,3.3869639718317712,1176.996261758696,1
49.93982618500298,220.3223720740506,4.9944039811709535,4.655816014974386,1271.2442282560205,0
47.85811387212268,210.12266716823063,5.6687416555925125,3.7127516197430723,1810.8908676217438,0
71.58110873500068,215.30332303090623,3.9082991238606857,2.9963942386217193,1321.3395194448422,0
67.91662693962935,219.27956222139193,4.612900297525599,2.1160925223160407,1770.1599231994774,0
66.24119817052156,213.95152628579447,5.695537757565777,1.3617545509228655,2009.830794902613,1
66.2834550926428,222.999643649981,5.849102110743144,4.252126989487323,1379.4614919175099,0
59.87753227153085,227.6537541617185,4.706033052335818,4.370657432078378,1704.4086979725917,0
51.02745628514168,226.09380925848657,4.928400748141933,0.6814053199639005,1153.8923155980424,0
60.75804558193726,218.93278564534896,3.4821262533191906,5.384758467271026,1726.4199894203427,0
53.22838288487888,227.45363068424976,4.642970799193391,3.8611068313410017,1559.82719579603,0
69.7511973341775,220.74333728601056,5.890383163519786,5.09939196771869,1641.9114846480645,0
58.52942618497861,218.3145701444098,5.575205016106566,0.9868083772723275,1306.3283783893814,0
51.745028032074885,216.9329866822953,5.50066572138121,0.9512637668768416,1001.6749753298482,0
56.78614158347007,218.48765156755937,5.04977368718096,2.7765460353490545,1650.9756194248514,0
64.12931454275625,218.05911590729386,5.007063158628177,3.7541766403427914,880.9790542561636,1
54.36275447196025,220.85208111187742,4.339678860526553,5.694541234390446,1404.7948523272396,0
51.77779604433569,220.8028699052493,5.698828420202535,4.059118370722697,1782.354559925991,0
62.436872114919126,220.01523010076707,5.42097294438939,2.63597808478195,1557.5693207619108,0
62.44966571108723,222.18469084873175,5.492018847992799,1.460446188501162,2084.502793436944,1
54.9305682462887,225.95323137393171,4.47396515733242,4.845000859078725,1807.532745774532,0
55.289616943816775,224.74777067720663,2.8466570801287556,1.5529418613739279,1303.830483502327,1
62.32049937357636,212.57551015775047,6.097152711753695,5.442702832158482,1508.1940139554315,0
45.51915658502676,207.23039432549024,4.521162543991596,2.573423025590236,1485.7887892366691,1
45.92536225623445,224.67159955619636,4.13722423595688,5.385873108926775,1025.3469709961619,0
52.81555778747564,213.1656065079229,5.693478911913994,4.0183969350889175,1217.880325054694,0
57.86552848288153,218.8761729905366,4.6079873600808705,2.7945067658363127,1331.7717279060419,0
63.10907565598005,214.1494348697032,6.059936384046622,2.2209054422608103,889.133849143219,1
74.75356216949552,210.9900978120999,5.617005949576697,2.48863818398088,1514.2480404754929,0
68.5765962320202,222.70731364102394,5.683569323200477,3.642475038562856,1425.2784466040878,0
58.40061470036573,223.79577580151323,3.6340442887994655,3.1157347443265753,998.1318296065277,1
59.80983792097311,217.1174479963664,6.211943985386401,2.109282887896942,1621.2638595831995,0
49.97470635362191,207.04478853927546,5.261250531233856,2.7515528845235515,1714.761823407288,1
59.8148686400761,217.2687777587376,4.630722860753797,3.117865544578725,1568.1103436594667,0
57.11341361079862,221.95902002701274,5.143388467342251,-0.19310114162221836,1402.779547437309,0
63.227185603380896,212.60544215612936,3.22376476710168,3.6872521721830482,1677.4326455255564,0
51.727690564476774,220.91679959889578,5.408652811480671,1.5304181629247897,1704.0661081430073,0
65.19346514241172,219.92345075413502,3.970628491817928,1.2700013951913824,1592.2210709159065,0
75.32738913002578,222.89645749800545,3.6473297141564656,0.46898347933393447,1252.6163248695716,0
58.91239851543143,220.59790184207077,3.477640813782109,0.3091612531981647,1582.9802296533542,0
64.01711722098942,215.1346552955922,6.112688374989926,0.9668287453315663,1858.6441952476437,0
66.90143991711112,225.98285750832247,4.3707366063072115,1.9364685635542642,1321.011282416481,0
55.987795281141636,219.20735213486515,6.5337277099165,5.929888706289852,2129.3818017397293,1
62.24092481810417,219.86347730245035,4.464198536947702,2.211180486157194,1342.3107198043847,0
60.12592400781795,215.33366020463401,3.2926420424070533,3.266625159402047,1509.7221040020409,0
60.97676098548832,217.78358874404245,3.883475560051341,3.600722079759493,1298.2543211980992,0
52.26990216144534,215.5759864298655,6.235811620006938,3.196597779323773,1566.9812507760782,0
60.245101742589426,219.13526970038288,4.844101822063332,2.8838348089110095,977.3334922094175,1
64.9799829124545,228.55854240071173,4.451712703509399,1.207059354601133,1336.1874603549836,0
74.51143607795042,213.1404942853432,5.160018225852788,5.176391322418818,1172.36363989543,0
69.59270826085206,211.9321930106163,5.501782736167545,5.710794965456827,1540.6015043676873,0
81.53182457511556,227.35585163746805,6.117398815902461,0.47601195881597125,1798.3342126526722,1
52.326524371119504,218.95338161424067,6.448499229892926,1.4639571136704306,1693.8018561343654,0
68.72320636720679,216.6546363067004,4.640231354210914,2.5802844864344907,788.5021917423323,1
61.83342005738352,225.19952343698037,3.6739523139179617,1.553193307634713,2112.620895878364,1
81.89802933217672,216.9719223013157,4.586534838876724,3.758948330183798,1588.5839821862605,1
51.91701714644849,229.1300485677347,5.260280506582886,1.9075916963900803,1267.0502578521,0
51.602781578192236,223.38962935669633,4.036241073789389,6.247584101709903,1547.1383756972823,0
54.00607354555978,217.56044295927148,4.042849085104957,4.785822891515394,1552.8569467508078,0
38.76104275690193,230.78654106632752,5.343787881549885,3.3188610459483225,1299.945384914531,1
54.74244978319239,216.97142538498332,4.951347648429548,4.540479394979599,1559.3750002026227,0
52.40867338446302,223.71047686004653,5.032796995411586,4.658850636535964,1317.758313713908,0
61.50393786476208,221.49646290203245,4.241504665299931,2.154078767912635,1378.691402192993,0
63.41755975777159,226.50870644699398,4.769599285794233,1.775674133187053,1294.1162592734747,0
78.76170839215887,227.80755598363427,4.075766855731696,3.117214594454471,1070.1986130781042,0
69.5042383818605,220.16002074532884,5.8901984111247865,4.292454186746916,1543.750941064615,0
54.23096344337597,216.23291064826907,6.035249334723753,3.2085905979801264,1675.5898309549013,0
51.01585328651642,222.29986071469557,3.153812137761906,0.6345052767135044,1654.4650788229117,0
64.91919171506505,216.61142315123948,4.07048913980759,1.7957633340737367,1745.9775757905702,0
46.797667929793576,230.06693623763312,3.503470744909921,2.889040704608433,1597.3020630044605,1
78.31458765854353,220.6826766554137,4.3499760655931015,2.886501593511255,1340.182350534929,0
71.79440120721287,218.17339224343945,4.916562030209639,5.9588132651847125,1751.8991593293567,0
55.30824347895295,220.92340152932454,3.55035478030147,0.921018086401503,1092.7447380474196,0
42.868654709091224,213.26436855235153,4.078140186874687,3.7583838627538118,1229.798585246256,0
73.53872374165412,215.14192980744673,3.9960426279185013,5.233669662492434,1210.7399785730265,0
58.85460154747382,226.00206953972213,5.2072673293989435,6.407174618134194,1824.0168177417931,0
72.37816311973462,216.71552860514302,5.0693443370362505,2.393403865224058,1782.8365542420227,0
44.05572341205633,214.7654450865903,4.278262446662747,3.7371441790802997,1646.1915711134984,0
54.00624977046227,222.68326376263644,5.176820872139398,3.8546405357979703,1821.5789595635392,0
60.05243699718183,225.92852077331497,4.4533199154127345,3.2932225973299363,1236.2151652764037,0
60.46980593764742,223.59476655332534,4.728344889673947,2.851732198141041,1604.5785359582942,0
55.49934528520756,224.98023842902907,6.673452090298537,3.6539630842500688,1462.4476714850507,0
66.22849932347499,216.2160245571527,6.3404610517903475,-0.798369127829528,1754.064631165474,0
49.32379570617405,212.89094666629077,3.7004187630724026,4.023104235093947,1465.4327302343406,0
58.576205149787064,227.50666825977743,5.829732417879175,3.1892668554929506,1384.5171334769757,0
61.20295631711899,218.38660080578933,5.811396554491592,2.666287654832602,1662.272555568297,0
65.14438834058748,218.74583491772475,3.8517367112473817,6.070293293579336,1762.85075015737,0
67.11614878088889,226.6409707092453,5.818777643754861,1.9875989718141716,1299.4964415459594,0
48.75357908162131,222.7811500470033,6.537931918412553,2.395386016402454,1481.677298594287,0
44.65885829264378,222.27943886040805,3.877455193755586,5.987329953307102,1182.467809907504,0
72.7767682189851,230.82501172450543,4.0824971789857365,1.7519080427252152,750.5816947521182,1
63.323140119795916,216.7824088480993,6.017661466843503,2.174827075595192,1560.1378894241186,0
52.51513463443446,224.6392006404062,5.271495310825648,2.779461864853725,1682.6716068763897,0
75.51151975522524,220.2850656244854,5.551476275239523,4.261101723194324,1578.6200427260176,0
61.156746342928585,221.3429613943163,5.340589216400497,3.31170376102997,915.1314846736899,1
71.79297184063826,227.64234213206265,5.390695920928144,1.061061979271606,1394.7451709770576,0
60.67518481410109,222.53917878144813,3.673527871688917,2.201747155309216,834.4956719846756,1
80.60747924881987,222.69148039524816,6.047317706621448,2.088968350181683,1910.9103322962555,1
77.55340842443204,225.36253668654902,6.169589992427774,2.8841684321654317,1174.1836253645743,0
57.51035851520926,218.17523635228557,4.770609255931972,3.6387654879447435,1876.621082837969,0
69.71570950954356,215.80395166330496,4.956523050186138,3.6273086338319582,1783.7608931052437,0
66.45375949585147,214.77595402989482,3.468892497444278,0.33598236892739664,1229.8228942391816,0
73.68631557532349,210.16821705312,5.514254756017835,4.595911481341284,1160.1645146196765,0
50.35076539419896,230.2810356497016,5.572057441714144,3.378853268994935,1605.1110649159016,1
66.8605145999844,214.48395817139158,4.937808983000689,5.07679807139086,1246.7027888450787,0
70.58424486849587,218.89373188207114,6.1243533598705024,3.6662974909360075,1530.7453926474623,0
42.41260513576886,218.6159335005554,4.665922769020059,4.651984436603643,1355.1517227579245,0
48.16741487334225,221.5370334890455,5.5646059258936,3.6998179671751905,965.65247566031,1
39.607678222398995,224.07868606269648,3.980335661307884,5.019338634304122,830.8595942626623,1
57.305931655554424,224.30236744179874,4.976447849125762,3.783375954026668,1568.0052745483792,0
67.17542255795962,217.0846128071553,4.825645742097164,2.853127130335644,1331.5326761008123,0
75.02357052096028,219.16439143106794,5.225307922040941,6.408652080670323,1334.0730549257603,0
60.74094780419775,221.4128997524415,4.630473071166642,4.3335556834198385,1708.7591517281355,0
76.28615545571292,218.75654436908226,4.868527404328332,3.8606166315066197,1852.0326829897335,0
46.198985417851084,228.03672788009996,5.826047171441506,1.085543375192496,1418.2365835914572,0
42.96617560644845,222.45487475819127,4.563235762761782,1.0675385738046934,1397.8203879270416,0
59.44452301103381,223.67438893024908,3.3934228992613207,3.4390732232127803,1650.0429099341652,0
63.840654489393074,223.31440634333705,6.749583904205421,3.218281796652361,1092.9193290901273,0
59.67305251905907,225.8673692874266,6.381454078690487,2.0788161524875255,1566.9459164243092,0
39.325578999601234,220.90510779351854,3.7077373048943816,3.21147404941809,1665.5657915466463,0
59.10879960487212,213.51584026022076,5.689707805245194,5.382940392065394,1704.0690625252887,0
46.95530499495147,221.9984397587632,4.497025229448657,4.043103711825448,918.9741892492606,1
66.69672548830039,216.74321553104085,5.263487215331059,1.2884872353708925,1271.5934190573178,0
63.66598246096848,217.3569165912512,5.294224129013494,2.8327367592855843,1236.52102415296,0
50.60120213672645,222.93182009377546,4.765592199683678,1.7925502787211587,1529.9660863227639,0
54.861330826633065,226.19141535716818,4.2162343344136035,2.4184501253871584,1644.2233739303952,0
49.40786478111048,220.10635788368032,4.309458947683741,2.379576501555536,1949.0131222337945,0
59.37320902726828,221.5441650629948,4.083808084518758,2.283531626093992,1351.510355889578,0
69.55142320501238,228.5110747231762,4.168177791769555,1.1172969420399077,1350.7282505072358,0
50.14273953664456,221.20376589744285,4.932821709950645,2.808517977722715,1844.9016056636242,0
65.04046515517844,233.00841557090197,4.284240010889248,2.159088544729035,1588.9730815590915,1
54.69742381627559,222.82754822815772,5.68205206571262,-1.3941730350034023,1880.295453356392,0
52.07127167737656,211.1961862042209,6.487246155335927,6.079458036752494,1586.618400902951,0
58.929696400454425,223.76670810552267,4.419946758629957,4.633154481325008,1152.8650143860186,0
49.64757677580626,221.90579192441388,5.239404500535377,2.435548912612506,1100.061493566658,0
54.46350694652818,226.44876377041373,5.499685110302934,3.0282285746108975,1034.5463252823213,0
48.021221074111516,223.3659067563498,5.472002270919274,1.2425184790236572,1698.615550427542,0
79.6472513291639,219.30772008008114,5.075955267916087,5.543584316716298,1856.5790469261024,0
60.35263551971729,213.87850881855317,5.742682418359722,5.845933042159667,2054.808642415914,1
53.00274492007414,218.95488371356987,5.482248952680657,3.2350405923697867,1752.931599696972,0
62.13979910734222,215.7473977289535,3.762337577672702,4.535295966278017,1848.8515732604958,0
58.8767195030917,217.09738275097638,5.869156064389273,3.262930168400886,1325.9951002038947,0
57.79030400466777,222.94289202210305,5.887290837266742,0.994911841686104,1153.075254976843,0
66.14166700043425,228.34952252175702,4.236713895821419,2.382264946554514,1755.023799725266,0
67.57507710047305,221.97335764911492,5.037937835447602,3.1978919501579357,1625.3042256718202,0
54.69498852389472,214.0205846898241,5.683328992811069,2.318178421884834,1532.2333123022677,0
54.2418175935532,222.2230133411007,4.790686180420638,2.672020083847446,1616.211444189897,0
57.24948302848356,225.98315743322826,6.072978047766012,2.8629006637363283,1596.9556447374619,0
36.980788352644154,216.9510854784031,7.363872494619361,2.878682253201808,1885.1450579560683,1
44.84808937801448,219.3299141666354,4.214013967365018,3.078387735746225,1888.4956754450868,0
73.66874267444524,220.07344097364597,3.618955396846225,1.4090924004050986,1663.2661057021041,0
76.44967713501283,216.0755084345888,5.303818595604875,1.9244757763080957,1753.7408617688784,0
57.50963960443622,223.2414021692193,5.721562505126143,1.073123601450046,1654.2187657274328,0
65.76556963055766,219.39525925696108,4.769133626155231,4.4667233245293,1361.6490803896143,0
63.112501545435364,222.09766221953515,6.453260663321034,-0.15847041276048657,1726.969402473942,0
90.78880808455239,215.5625391109895,3.661394200276751,4.730385514975389,1081.6514793422216,1
71.19574911434577,217.81270849838296,5.692918623031611,5.079524095894265,1816.1674656887649,0
58.72082408519233,223.61190678913886,4.394139179241106,2.5467291195260677,1141.6431180701895,0
50.44459559399574,218.13583423954117,6.7193779062072965,-0.9047056317409479,1585.7409860384198,0
43.93553679742428,228.63481925616702,6.992515353168118,2.458034157049064,1246.4538124721523,0
62.03463635867223,218.001819071927,4.2333434122166524,2.903723758066771,1666.016694922328,0
52.436492547156966,221.12342362875944,4.4504428640914195,1.4841026701066298,1489.8224322216274,0
45.77746290402326,224.66295415936546,5.859587886979802,2.227172409287636,1021.5732125510003,0
53.534271157574736,212.90817133533483,4.612869350210485,5.295292798295026,1626.2098893055436,0
49.18451996385605,211.19595594009613,4.954588782067762,3.9973907434526117,1326.6237669501868,0
76.87141635072564,212.37171842714952,5.02538842054241,1.6131538284328502,1764.3440162440106,0
68.81639756949451,226.31292051713592,3.080326843802344,0.6036012456068516,1500.3977066203222,0
59.92027358683383,217.24070927053776,4.986162253905762,2.5094740235853434,1618.6262956164114,0
74.79944138890026,232.79099642834126,4.310272225935826,2.6798148309743426,1212.7293134954364,1
60.77368307647618,217.17876200671304,4.506877177600228,3.7442987810449746,1323.2003305717915,0
51.38715798671736,220.92275651598518,6.443632003468814,2.1970249311485115,1362.4084091696745,0
75.23124077269657,227.71054976283938,3.7434931057207437,3.767249363042792,1757.0107440727668,0
65.38910043684659,230.0304644407956,5.813205186747977,5.9027310600903435,2003.2131263416468,1
49.62753845673544,230.307517883182,4.721037069668191,4.223251533666394,1258.448474477137,1
58.09661321916392,226.0418311529657,4.720239831504165,2.927867239003841,1823.054443397304,0
51.24381746615243,225.1203126290573,5.790371896051711,2.725274293420058,849.0967746822894,1
46.172002690356635,222.9626347460059,5.34005129456889,2.4649902987301933,1141.743179672313,0
69.26177547531641,223.89180538083318,5.570612997219531,4.770961368678217,1212.3664631439676,0
79.0941664047013,217.24407141835732,5.968184660532861,2.0590298310730457,1094.2473931677832,0
46.01432426180859,215.90900558288845,4.668691616816678,3.0678340634999737,1024.923483063726,0
65.62969236690572,219.98312771294525,4.38776326549225,3.076796852821628,1623.8996736413392,0
53.49357430878173,219.14907688737534,3.914849473442202,2.2473237107827018,1435.7796906816416,0
55.12874616235304,217.73385975336362,4.174589470021045,0.9413016781738488,1613.821619281533,0
54.07606075761131,223.48193723728357,7.949094425308726,3.4844617554265023,1707.1418058364538,1
51.36009230320184,224.77652604285257,6.244679580736786,2.9084940422169248,1579.68509795176,0
60.48521627944827,220.44203443145923,3.6489256337919787,3.750360704154855,1697.328952845112,0
51.69049883588962,227.3876504052763,3.67754204325643,2.1995995403412496,1479.1403141273192,0
62.704568257798385,214.29155442933248,5.481866061718492,4.831231948219571,1143.9019835082765,0
59.49761890550863,219.0317027036014,5.5472647973779665,1.6848393281822327,1817.344254246239,0
57.6105195313359,216.41588839698596,5.548883835317365,5.568060426026839,1323.2663601656618,0
50.92436337958402,210.6673169146347,4.745044206446302,0.3785452352576075,1219.3211103712722,0
54.23228669431667,219.5865965707865,4.8745457399970995,3.6521550968353367,1446.6246372586807,0
67.55391225825755,219.3912624580836,5.327879524159357,3.7131460237899354,1226.1567242110461,0
65.00917187624381,227.56724871621066,5.085893006293331,1.8066643980886765,1374.7708854031703,0
50.22444755201449,223.1540584227739,2.780699627252465,3.6365909067915188,1603.21617646904,1
60.99332305429226,214.87906587835397,4.770200369424806,4.919278004640239,1604.502521773838,0
67.5138712337179,229.27046283167095,4.148593565739686,-0.32522825903109664,1230.650980072311,0
43.305947188786284,226.10516847762676,5.175211418908512,3.754117211236222,1353.6883881153767,0
65.43360192379934,222.91048851734308,7.98525900260341,-0.7399062304951163,1822.299901431073,1
53.37376241054153,218.86757950575085,5.367481665474305,1.551502794715188,1648.9200353201823,0
65.70598668593159,215.2028038163826,4.686470313827602,5.443749547351418,2122.5195118045626,1
52.367408434574834,218.13896611964475,5.921801501977252,2.127326949911919,1854.0384521224582,0
41.95117899335481,225.44374309852094,5.482687887209213,1.2391800533865411,1843.2879205679817,0
43.72457562116837,229.42293152967304,5.4200944904518416,2.703093406522977,1083.6394348632593,0
60.48084946661382,227.71621764136094,5.606850593215671,6.101859507245328,1729.1581054900269,0
62.59722501721482,217.55575289106864,7.056543564829541,0.2524766291909608,1484.0679594909268,1
50.956833748955916,214.40191283355495,3.8691115646740846,1.4230351325409831,1334.7054589385252,0
66.38592458777374,220.704431234556,5.473632076811454,5.246147524769439,1550.4046021597585,0
43.3847993773104,211.15780317218574,4.0736188700184615,5.786553515306599,1783.563460383445,0
59.33920201352684,221.6158385709239,5.555512646342248,2.844853163564574,1650.2494773012636,0
47.889838002375434,219.26198706850667,4.0813134885139055,1.1414209462100362,1236.4578595973821,0
53.48163892197841,217.6698174906588,4.582633186394916,6.143765252713738,1722.737674077786,0
60.47398671316414,212.02648466366603,4.704910085762093,5.391663587623795,1308.723737377211,0
51.39586634716048,222.56800053284857,5.975816719344709,4.01842048164335,1565.004935689286,0
56.154444557701744,217.33649580169043,5.918454443942414,1.78139647659387,1408.9949797568597,0
70.0629280921444,214.15041582144855,3.7542826235536157,2.926455988742945,1434.3401244793122,0
54.23108130476851,205.63868893359177,5.054934110999849,2.7594598784327538,1729.872892512153,1
68.35692112065142,219.86242547474683,4.2904201452508275,3.4962769569233667,1187.9418840552307,0
48.702931453423815,228.8612579833487,3.7414950893246655,5.176502157197004,2083.55852228308,1
65.29804177915283,228.30629607273934,4.782982949575629,4.319125561706105,953.6741792116511,1
74.41568620657901,217.71451871706864,4.6915172115441806,1.3839358845228626,1320.699695023543,0
35.283554998727105,216.9889396981911,7.426716486345523,5.064744675029306,1611.0635669825224,1
52.03104744529523,222.3438712803751,5.4329598253606965,3.469698210019733,1675.294249930593,0
65.7707212718054,215.00807280405854,3.622382499245763,4.030598693788375,1469.8572838284886,0
57.96954613957007,221.50895949909733,4.435225995829057,5.199811288917904,1482.7827890995372,0
63.71145873371309,223.83040139192346,6.021383295429398,1.3326296257296733,1623.165025598285,0
53.960148132841795,226.13466611942152,7.088442772869925,2.9462616319403057,1430.6791567626958,1
60.865897874729,219.49922961760024,3.4140166877620417,2.2028181729611775,1917.9543773804717,0
58.44322764607921,218.98163124911517,3.120075614860955,0.6482108619518163,1751.8047342694806,0
71.67782061659807,215.6100870662172,6.870965175371782,3.52006496640738,1761.8473053016903,0
62.54420843301213,215.8655982298007,5.389614177370904,6.767334827376636,1210.152982988875,0
63.37602662075202,218.86760554049238,4.131707268123634,0.23988338324137093,1476.183472678289,0
55.881230338775325,221.8368275340809,5.534629086122435,2.9515790834257944,1409.860215383789,0
55.123937759275066,224.56792313116625,2.3642522609831222,3.96081440261216,1198.3195872931603,1
55.67441812180379,215.9841052465983,5.003375506597161,3.1846173024842717,1608.04925518373,0
63.944521423782966,227.4634428447976,5.327821172843085,2.8303079212263893,1338.7062726660552,0
55.79015519179737,218.64438199478715,5.92427013953783,1.0511754548312635,1696.621148955071,0
62.89774856896413,219.89316352825782,3.986104047707462,3.3491801144102453,1178.9425311317004,0
80.75400798645438,216.26394160426088,5.085687161403359,1.8648540344761104,2015.7121838525463,1
68.71124703431693,207.87879869863528,4.074575373940412,-0.28488255746782976,1231.1002024223815,1
56.73976467832159,224.42022698180526,5.255383755674317,4.791888330770596,1565.7907011601308,0
72.01213922163944,223.68421948546217,4.104653677636976,4.437578729763064,1737.5577931164203,0
55.91924626978449,218.59336221440893,4.5918991608397794,3.0774914652766197,1328.807870939966,0
39.61875464822146,220.33495358612436,4.004184605209771,3.343612032308554,1755.740593029885,0
49.91913689082596,222.5796960885205,5.651136241823657,4.611477019073342,1131.244920659875,0
41.29208078974145,212.18727071556728,5.858451116656665,3.3365094851671238,1935.635309754768,0
56.48486515958692,217.35473661326853,4.765379430042586,4.356026332141972,1504.2447794897275,0
60.184183791895514,223.97132339810915,5.038237994960029,2.5537766986892247,1321.076577609336,0
76.76437312275283,213.72855288415374,3.551408585366456,4.96797560786092,1410.2454682717696,0
63.269273737641626,221.46778966083315,4.700323351993213,3.481178588899026,1742.6757808178158,0
57.80899471191136,213.217090976883,4.949795382958255,3.291077915408811,1324.6634124448685,0
68.2940558118349,222.33214991216764,7.6207930910299755,1.094908366931952,1275.1926931731668,1
37.88864690992115,219.82179258851258,3.8880329742258364,3.430433781452563,1433.5390207248786,0
62.356145581085656,211.92434092047245,6.464177238752438,1.7520676237583233,1146.9113661690096,0
67.70865193886966,225.82369677228587,5.996858773465808,2.0425759102072587,2046.1631723825446,1
45.214137542201584,216.32704211600975,5.280636404490137,1.7769365575258185,1330.081622635583,0
71.43754043206928,215.9487378149281,6.758620484195133,1.4006476021511625,1749.4850358541212,0
63.38496407494414,221.0028459861547,5.372105472606863,6.1871571045254425,1562.8410250943318,0
55.847120860991986,225.74318674714357,5.389159195667928,4.9970085929826045,1204.6397848554095,0
66.32781866106285,214.92089090510802,4.946879346982454,5.880551253216392,1498.2135872361812,0
82.70692857804396,220.30839924923987,6.223568882418627,1.165657470666654,1735.2008337932243,1
61.81866255058495,222.14408250165286,6.0964692338108835,3.1068806248663385,1443.5215994741081,0
62.48220586300336,223.46552803631573,4.374322712503788,1.0597385621938562,1857.9338837553084,0
55.40639100459756,220.88220777638614,3.680752805401233,1.956457684204404,1806.454617834559,0
51.50155630535208,218.16486080458338,4.797019362604343,1.6228095248751377,1775.674456397499,0
68.30335816544246,215.8620488967564,4.199961435602353,4.859376009662342,1362.102968318101,0
51.43916174091133,220.43071941523186,4.936475425384645,2.40565548284736,1176.0472656655538,0
60.715662372193925,214.63930494007195,6.237438134684139,4.602569000541024,1315.9237183911616,0
55.223425532348834,205.39324758252695,4.54269834491321,3.9061813343827767,1558.8722822000161,1
64.78979825746391,222.18279902078834,4.957176618688425,6.455458128157184,1663.7360140597066,0
63.33662105286948,224.519674205431,5.058022734808395,0.7808336652904142,848.5285785718658,1
70.375399442579,208.18533782229082,5.848430882205284,4.888849859680199,1497.5660395164748,1
54.89983601145253,214.9513464764503,2.753110666015395,4.719661305601091,1547.4267675969554,1
57.30125064706629,223.09577130502598,4.393299705234703,1.5399317429594481,1416.7367231053345,0
50.21236284217693,230.2874773485585,5.211283692279473,4.510700004709739,1887.3821517047636,1
55.55706739923888,220.10396853837705,6.200078956426861,3.5042174445393433,1626.5340222752613,0
63.77300493044852,216.35998529385432,4.508097552493795,2.6587856100698883,1893.057572424269,0
67.56988616645351,219.0855177944758,3.123447293958126,1.7640967695420007,1435.2118438949303,0
50.77834675822375,226.8743820957409,5.619711445966137,1.9213358228262212,1781.2432477520774,0
68.6960592010566,216.77017910437732,4.364637611174371,6.074718143678889,1990.5199183582558,0
73.55637858804951,216.00403996674873,3.8103333409096387,3.001024228436224,1893.5080347817984,0
64.13434903223701,217.58628238908983,4.375654610286776,4.173195002297189,1172.35752197138,0
78.76795812558066,215.23335695870645,4.81547464234415,1.8136509274986703,1423.8971767372857,0
52.26210800896427,220.61335157997397,4.395255335461787,1.8302205806675418,1396.450588365061,0
47.55345296688583,228.1233922923478,2.794433942900931,4.622977213874913,1646.7763605228984,1
42.212797510957216,221.61539636558015,5.897066196887132,0.975635682672702,1705.9060665043598,0
74.96044311489183,218.73823248936856,6.274875041278722,2.377179348142093,1248.3321977922792,0
66.54365656354058,218.54094365542227,5.651521991339505,3.051041116608348,1520.3515541750812,0
59.44415329089545,212.1840459565167,3.8623143295751836,3.1670589027600786,894.021800353159,1
62.799686263198204,224.4155488857358,4.798508466052482,2.7313600724757654,1932.583501740567,0
48.74510952701623,219.61081401493598,4.993478684770542,3.5937296716438847,1346.287727796992,0
84.45751979616827,219.09760043204687,5.598794389561911,4.0392836337267175,1516.759181953349,1
61.292211819752275,235.9655378392243,5.668340488718081,4.101956318188995,1407.1050858035817,1
61.09394794604893,221.49376454182843,4.265826201221504,1.52129428699826,1843.8082725040244,0
67.25766623898691,216.24104474952406,5.081995556413561,2.5737673531068044,648.7480675807864,1
64.81009231736714,217.8682120189723,5.457280404615241,4.792144292815406,1495.0168973022273,0
62.23884024279131,225.74222854598378,6.4558223221467665,4.341970781360809,1468.2543727506907,0
52.09525544554688,220.5663520526888,5.704506539824723,0.9407108227784042,1363.909083722495,0
64.71468357135996,212.80861010841318,5.789056687375519,3.5272198505283026,2017.8679636906897,1
78.82024496475034,224.59614467287602,5.083826627929361,0.032662125937784836,1233.8011623432685,0
73.45420046154977,216.65927957230502,6.410459145203504,3.0704023530905546,1731.5388531706983,0
75.93186626639397,229.36648888108772,5.409762795959497,5.8466505251189655,1606.875836611825,0
54.88784323568815,225.40024032857323,4.138912089826429,1.5781609240965206,1878.455775760655,0
50.10395179741419,217.76339052170624,6.4033699701251905,1.7485154317626268,1299.8432745667483,0
58.74213079900352,226.40508180867556,5.697903272539028,4.146044672359289,1280.1093302628724,0
60.557249122886944,220.33927755263701,4.5569559788715175,0.6857977271855313,1828.8209722432196,0
70.94191518470949,224.2638683756111,4.520507032600757,2.0508674551724413,1627.596392499033,0
43.07535370285181,222.42366408647237,5.296575545140762,3.894661706372629,1036.5187959969724,0
75.29550319460614,215.76821672504562,5.463184795267585,2.0485712284658955,1338.2084956610188,0
58.419921014210104,216.7822508384127,5.197292265631207,2.6460450191835427,1615.9147961544184,0
55.7311893005258,225.1498040879058,5.311308673442885,4.116278565472552,1751.3292664639766,0
49.87895624739832,218.3261233394673,6.69995737457638,3.632319125304842,1296.2308040421135,0
43.451433281342304,217.98175768379002,6.071543152234886,3.400227594443103,625.7232030549177,1
68.23170583961914,215.22438710325324,5.190635591265024,2.491316581094942,1656.96695572111,0
60.73317967188404,222.1179953279673,5.9413105807674835,3.555091672903433,1133.9037930168072,0
47.10039100258946,230.31262459621573,3.9674760964724607,2.8144009798503653,894.7983605632766,1
47.04921227936384,214.66233542872862,5.397927049946809,3.686708414888677,650.3022225047578,1
56.64215300709872,220.12109728336378,6.80930634973311,2.254601962323033,1744.1942580593222,0
76.69021525289392,227.06110277707714,4.781954104607626,2.7261465384306884,1538.5852351214899,0
57.40408648636395,219.60179304377144,4.152366071380915,1.5150633111719791,1432.3030857863246,0
44.96857046881894,222.26185898124868,4.3479111114069395,2.947488584990646,1916.7073088888285,0
57.54256935914056,214.6880323592656,3.9103669626576116,1.7834987045567328,1691.1974049069217,0
57.27276430252329,222.14153548603824,4.215238091872297,1.32893032475701,1984.8900128165749,0
33.03113357058429,219.06427867497726,4.629491901409971,3.387991721783082,1082.1793583499011,0
59.45705133482188,224.9286499783993,3.5944329808213578,3.3191096637864903,1489.6348128138109,0
57.69065469791322,225.93693025782375,5.015618333949603,4.1743106024228585,1014.9859875155958,0
66.96206364813418,232.94781821009306,5.902277173786647,2.3533116456373513,1431.18530044336,1
78.48956094945345,222.89816586606787,4.0922438198530795,3.6120792702551334,1425.4152438699969,0
71.26565029547757,221.62898158291082,6.519283923641769,3.8261963584104945,1687.9840911789213,0
57.31111309445169,220.9719215078867,5.5107920885275945,3.667160711747392,1513.6691643425695,0
48.934740912583294,218.23416853594657,6.030580585624057,1.7615194757967867,1687.0221414839748,0
85.7335980324986,221.69241921730847,4.342165446147863,3.224045223406783,1711.0320399416682,1
60.59218434014488,218.52299294930486,5.854525227066616,3.546210444081992,2146.4786032149427,1
60.13929291912946,220.84230488134807,3.908066099604687,3.010767700361913,1405.4110034141627,0
59.758749128899964,226.5879876780398,5.890247500836509,-0.12971648755662724,1217.6931898000862,0
61.98084760767855,214.9672871736018,5.171839339793531,3.24073443596022,1573.8250845949226,0
58.556395880760576,225.69939280564523,5.553251219984784,6.318796559095864,1259.3159918581368,0
54.26337993119763,226.58557533669932,3.824405394375148,2.459941096864526,1944.5882305309608,0
54.53141058759608,219.4096573650446,4.104930157723396,1.9078843532170182,1415.0345883164302,0
59.672467297840015,209.39072550495703,5.597228218253385,3.560022839567097,1330.3270896378028,1
54.56575228866235,216.96089006452783,4.051651995775799,3.4685673156998575,1358.6052836546646,0
52.871542173228356,226.48497273280555,5.463206292099123,4.7891027481246216,1715.5252270414924,0
61.064302276918966,219.8856596885056,3.6328621935397543,1.1131977661366683,1452.6759050305545,0
57.450227825791444,215.00348883852544,5.8481742126666685,4.0970703788624885,1307.4999539608853,0
75.0399298858269,217.47612539385892,3.767476685231491,3.885633091877195,1999.6055752870593,0
33.49030191606988,224.20310013252276,5.552299937679523,2.786780194589181,1243.149047801475,0
70.91506851922462,222.7336678410069,5.625630933646001,3.508030976882535,1510.669822209898,0
72.4608519249763,218.80533950415153,4.303228181570425,4.544186222397536,1695.691845483069,0
39.2660976759185,218.16587794092655,5.582026567084727,4.308473070042675,1010.5994668748781,0
56.573124059196516,218.04120925478088,5.260442263333556,1.285471031889407,1644.0781504217775,0
56.28559134004209,215.3879490775075,4.461158143807261,4.230237280133227,1183.4676973558653,0
45.924883052821784,228.0768784473472,3.9914453159237917,2.902967092451222,1746.8348342502009,0
52.22183312409125,218.3883976539433,3.037374308327421,3.109311147023273,1211.204696424307,0
48.894241545341714,226.08579260412748,5.3496500472996935,3.109795486502542,1707.8307095546581,0
77.52270443423623,227.60658025961226,3.4351972286379446,2.77463551680261,1831.7499198884138,0
69.35678393147461,224.99155449073982,5.095344199441308,4.787561245660598,1758.4309576898415,0
72.71555094994159,217.84189843640976,4.736551783917751,2.874423060226182,1575.3949944714307,0
67.21672064043236,222.01865045168304,5.679142775438195,1.320680807425247,1430.6097171210902,0
48.70948228782771,219.8790219680454,4.697954500510136,2.4097052160454067,1327.0741270995468,0
54.75479733720226,215.48149069634937,4.6705522136529085,3.2680420752157135,1941.310407245131,0
64.89374561227918,221.62179640860802,5.731870704288296,4.843822176445576,1290.151433949707,0
47.778721911080545,214.104801044201,5.335058029084117,3.9046420274232503,1188.880177929001,0
67.12998430172388,225.9383969423078,5.316155957182779,1.724197081879434,1699.610680509849,0
57.59674601841865,217.67691351350803,5.469267589808526,6.7277848750183376,1261.1589590440515,0
56.251791924504026,221.0057982793642,3.464427876792894,3.3971629664669694,1214.980950760162,0
67.10959968203491,221.41643935773072,5.756788679986982,4.913086106998522,1066.9187213490704,0
64.4426331148604,218.7054751314796,5.612468794013602,2.7724283496341564,1355.1270481618446,0
56.3903383418092,222.93346900737637,3.9833168714235025,3.800038867058174,1475.185492831052,0
71.59329803364248,217.62548171688738,4.7559195263257985,4.259202756777607,1572.9275182982096,0
49.189366724001026,224.35648648728622,4.960692712372369,4.827292067631384,1785.391873289845,0
66.15935606944264,213.27010159876625,4.865503215598268,4.586052458067337,1658.0693770997382,0
65.93101257968384,220.63189789773205,5.333859966568535,4.308295500109467,1442.738334134046,0
56.904535606860094,229.6946449952914,6.4313667818311835,2.527369903208837,1440.5412970860841,0
63.26133022242118,214.99834337697212,6.081766727672829,2.1423809370659077,1653.047240674555,0
47.488864236146966,216.61127514737575,3.6877808065685937,3.498911265486296,1881.7710488785708,0
69.240270192069,222.56953924829457,5.6220699903060485,4.399692108511604,1537.89425984496,0
58.15097863557011,220.897908909698,6.32893331953541,2.665918948835089,1359.2607437368774,0
54.772769794809605,221.7531504963678,5.386808520689202,4.59775794857158,1202.1401996743364,0
70.49009225836889,222.4459356507383,6.0909804251859665,5.1789251182292695,1066.4384206763323,0
52.95656309457241,223.17360734280885,7.012270445700765,1.6255186213898705,1699.880901613057,1
45.91538703636441,225.5484992097811,6.023709546106981,1.7446189443055802,1673.393557091867,0
44.433708264760966,222.04909328464257,5.249308595641729,2.7894374116419955,1673.2090575319985,0
66.0600995134564,218.79371172690728,6.0450884740847535,3.4614190022837947,1461.4021660943831,0
47.19570647503717,223.36286850601365,5.144887833096891,2.2131494793494237,1922.0804237675252,0
77.54794181984364,229.49940967447608,5.023903043284956,5.028304018300717,1354.7644516245546,0
39.18070592116278,219.33683126808714,4.648585764286268,3.6361002922776766,1786.5807711621617,0
76.96456368290038,215.1273534766468,6.563413358832108,3.059170572361109,1488.3771315031372,0
62.11017467202618,225.53540334643486,4.181571334057999,0.8461357141972088,1317.4947705961988,0
59.032868881296075,219.39809418023202,6.5323677246781156,1.0262762753587393,1677.7590921953283,0
54.550809131910505,209.1366522699298,5.499864123740371,3.4215138754227095,1622.8908356051982,1
63.991361143520706,224.2371083857521,3.6006938251980585,-0.1988934392322541,1607.091827780078,0
59.62365297575152,217.3233590702304,5.3676492929914215,4.518956114466108,1524.3835266168596,0
71.03301882016521,219.5473335884792,2.899973492348376,2.7627692334415195,1488.6320754849507,1
61.142276486620396,221.65990165284506,5.625508016831036,7.864639454392099,2216.5115978611316,1
61.50301761461878,220.95249839889533,5.885231482988991,6.461874375924166,1855.276993558852,0
56.36387787786144,223.5472590856952,4.407644044347946,2.727826396128725,1716.8480684956537,0
59.43054376278933,217.82256814715078,5.123547695955582,2.8404944962030276,1533.5397474610165,0
63.07801768892059,222.5655289908804,6.954157433750286,4.493372271003045,1802.1471601790008,0
42.89831607343375,218.70226661208042,4.494253295738063,5.554758914877056,1655.3984329174355,0
46.518145778942866,223.6940524044375,3.9410924129433997,0.5429564138459746,1507.8614258322107,0
67.43264094022715,223.07683742006526,6.4816634024625985,0.3204368019679702,1408.9307024202255,0
61.708654381279416,215.32280648977704,6.962587190530795,2.066947791668428,1475.7247987011935,0
58.16016663647321,225.42991058087517,5.003695671847847,3.8741063747607964,548.8722792365833,1
60.184339330653934,217.32018277442975,6.011463035408356,3.7453103857613956,1563.1802517892925,0
63.47581705361671,224.04028899140573,6.341475915530881,4.604657182475775,1353.457175966892,0
54.60240319690639,221.8364365670067,4.257515767461616,1.2004537074520378,1977.8009994848653,0
52.216952745976876,229.1909183839756,4.5146941646321315,-0.47421579445331474,1505.8032212435262,0
61.958452550976816,218.88267008814074,6.230874513154735,4.287021292953218,1143.3109741395115,0
50.21627222384968,218.253416019409,6.685014278708509,1.7577055905521481,1485.0359537615648,0
64.08252755714472,219.90290197056135,5.562880860174355,-0.027731796582957102,1186.1636744812488,0
42.9741639576216,218.48410108582863,4.120185646497946,3.2175956189390726,1642.02222471374,0
70.29155637325644,223.99970950971024,6.987061111699441,4.189763532328016,1587.2842093018455,0
64.72597482413043,211.91844695781705,4.469029102188036,2.816914301818084,1787.3518893324804,0
62.56029734313876,214.73158790426822,4.6648622188285485,2.313227420726266,1262.7354624916304,0
69.82690983945514,214.66098539210404,5.342337834489621,2.7609566517811404,1510.202428868444,0
76.65474444462576,224.75153795986787,6.554160420714775,2.4441258563988257,1090.4934613720093,0
70.1437006501813,228.55306686290962,5.853975976552224,0.9779293320897491,1710.4484345774144,0
41.59125768668355,219.47775390731263,5.414865500361911,1.9279789845143522,1655.6613541320366,0
47.204230332642986,219.15589138404994,5.463288530118106,3.781919857520722,1648.7415063082713,0
53.75181422304321,220.35026081556592,5.043514668643466,3.48251781206475,1500.4857094070824,0
60.26091050210834,225.80939151304096,5.558139514518507,3.2520897089502303,1624.4318672366373,0
65.17659020469122,215.36323432904712,2.470439922305697,1.5072772772199308,1981.3017324925788,1
52.742561868465344,221.19184491367392,4.703392540930202,2.7277452567964993,1414.4717228873958,0
61.86766764477078,224.87598814891214,5.2413219349167814,-0.26559756966428205,1541.5935551130253,0
52.44617067646678,222.50547084969924,3.848985916380493,3.2677149958280847,1174.162110245577,0
53.884821970080516,220.9479080829937,5.38632331781156,5.143286561720351,1239.5217115205003,0
45.93338903151778,225.0052304628357,4.795528779013878,0.7888018019368417,1529.3439879279922,0
50.76766753889096,206.48383853500383,6.7554756983154896,2.121108490023367,1831.180064010572,1
46.48315394383666,223.38937659765455,6.573019725214857,3.4936601680651944,1423.1157527245282,0
50.241267470226674,216.7296215843629,4.534194430881837,4.879263951641225,1429.225041206363,0
70.5364179660784,210.84683551571771,4.8491622884333045,2.3276630755497756,1377.9344266486876,0
50.50601111168057,222.5560129976249,4.9260524343916074,1.9616245061011555,1339.572998746703,0
86.32382064837391,226.8682927258148,4.548340523840377,0.04661528637587509,1588.4914367126464,1
64.93317900880889,219.31275742686154,5.195024984028127,3.1551571939621597,1050.8227064464068,0
61.84836123694874,224.7643727360147,4.24171793111241,6.063114060215616,1884.2818730000183,0
51.41642219818787,228.06139128994323,3.8693846650624737,3.4160376929470138,1300.3733105611618,0
67.00309879408991,226.57457226792025,5.622711223900269,2.96658153122443,1716.5710456314423,0
54.24362173762226,228.19982264685697,5.629529584221811,3.483123466150478,1119.0004207818372,0
61.220098146453616,223.71063745535946,4.195684240340007,2.983361994077097,1700.6520391638655,0
85.60084538268795,220.37716819450796,5.895355430762599,1.7804784416098052,1701.5833823443493,1
59.0394010027535,211.99017094051416,4.368422270834668,4.234919873516558,1615.260621601769,0
71.49273326285676,218.76968755935025,5.253165238037981,3.338642284667632,1201.6714434600624,0
52.96823574874112,215.78376702341905,5.820344012612456,3.026419877900486,1574.8644568794232,0
59.65011509503038,230.85471358748907,4.966387435296287,1.5369509590826251,1145.0831445796832,1
77.7080063563551,219.12057093783832,5.454740912141134,4.955261897902139,1424.1710234711445,0
53.730329422122324,220.61602403392243,4.483570356112429,3.9970541179996646,1808.8239302865977,0
78.12448557996929,222.75742688020233,4.803533416571903,2.170618743949047,1739.0105781212226,0
67.07751935455475,220.21801223186228,4.7941405691196595,4.502737280522906,1504.5548827621299,0
54.37533224105732,228.47525520215376,4.253421653459761,2.2536437424221893,1207.5580272231473,0
66.3240773905552,216.88675319132773,4.823225836884218,1.8269947612334445,1693.676313652258,0
69.7255444962673,220.9730372761862,3.4513817011362535,1.8604453237795693,1505.8143713094075,0
66.21809962217196,216.28764707150975,4.508846252857896,0.3433971703678633,803.905320530873,1
44.297752801095434,213.39988744389646,4.715124506630329,3.7073135706273086,1734.7889478949555,0
52.728628241751316,216.94115454547358,4.74382024750462,0.25328268249247454,1492.7301498390923,0
57.52481364448495,219.81481601475795,4.758502554129221,1.157334253101356,1860.7353743949216,0
59.25566570899954,217.8534888774137,4.938235800139871,-0.11338201361779987,1171.4188443471585,0
66.20672097550678,216.53789510063072,5.479441518086064,2.8708954608136605,546.9888560411998,1
61.777010009332535,212.96841268164084,5.874517074132522,2.774519309592192,1583.7251575035555,0
46.64655641289899,219.58447213685653,4.350234773151733,2.509955680220454,1587.469103004592,0
63.801978510059634,212.476398129845,3.7967991446108558,1.4361334579941356,992.7985117180644,1
66.10585745283824,223.80027981844802,3.957955587756897,1.24164936984504,1206.450136240018,0
65.5979044793104,220.41219876467252,4.512797078805073,3.6965547953198614,2326.5653231159704,1
70.80780725554622,212.71224250267534,4.648078682183491,2.1741721024372684,1408.316815753859,0
68.33922154548904,218.45395461475067,4.230003933802543,3.474537482304217,1719.2876929128647,0
64.59180079228437,216.23921797204707,3.7038833357501053,1.6721269708136663,1304.802051789485,0
59.29834288541353,221.5958725520959,4.543879172525812,3.2715941141566236,872.909130344053,1
43.39039066484008,226.70225223011573,5.181426620113971,4.954917055974096,1448.9225259612283,0
64.29618219132585,210.62413765177126,5.595029465835565,3.8792487005891747,1420.3186319141685,0
62.076876871631114,220.5751303957371,4.442576946891679,2.3813792726752796,1380.0365283994886,0
62.715788371953735,219.1993360221668,4.587002177856566,3.385798455533891,1465.6077493480823,0
47.232514241796906,223.35670038225234,4.07330169115269,2.6390022382046805,1579.280481493691,0
49.189434595917376,221.06598314118844,4.968560829625224,3.011820277042092,1454.964914623858,0
70.53152853332904,216.2401533413059,4.151571365809185,2.5115834217772446,1120.7981496157909,0
59.60444846143345,218.4047303216669,5.5731278132412,2.7534971911719133,1645.8554374685816,0
66.81500697372624,216.01987071598256,3.214133508065889,3.318140029611263,915.1884734032731,1
60.28318376130461,225.380035692993,4.640370327547537,1.509961950627074,884.89276281474,1
60.297561394957455,220.1065582433597,5.301107339191742,1.4761817595150326,1721.7541484104704,0
69.38283805975998,229.50595342876503,5.183834516322504,0.9171861692531835,1652.106081640607,0
54.83955271782626,219.6966959309269,7.693033663980497,0.5995933432444351,1482.7813904777893,1
60.96120776940983,216.4579661654477,5.349800024567908,1.1740759616692809,1081.3654485734785,0
55.377247112949576,212.43142803693587,3.9959454031579895,3.2391937602061938,1287.6267177977775,0
55.65503772567684,210.98430161872028,4.904535752910927,1.660818726762174,1421.1759756940487,0
56.908278765313604,212.07932028497254,3.2237536665335482,3.770421696346644,1021.2318094277659,0
62.22133771633713,221.33563325505742,4.919400250703239,3.052070623128843,1278.2914025930302,0
55.212513783365225,222.54362511614966,4.166943942999241,0.04724367984291966,1695.699101453004,0
72.55756125573521,212.09404648983934,5.915390275560162,3.9824633763325346,1928.191609286765,0
51.05392697780496,224.4751915703806,4.450459725404465,4.216197968387565,1374.169574202435,0
58.13128355838641,217.5846947415828,4.883234084204753,1.50920598774772,1726.9465062948295,0
55.60268941725825,220.73396505992775,4.364442158595597,3.630287314342487,925.7819788237598,1
74.46977884353733,228.06110314127713,6.738851351853331,1.7152526438862017,1697.8353723340833,0
61.965547765115744,224.48419657932766,4.678757233882088,3.146505565122503,1258.8154755817557,0
70.31844539468635,218.65734676047083,6.832557043479202,1.1032523895675515,1592.203685012391,0
45.14439626963028,215.54403887292355,5.814151762118266,0.3103403211981348,1425.6742745280872,0
62.67050265869259,209.24092299335348,5.482066727335386,2.425774215580547,1896.1242029351502,1
68.89630795623437,216.4042334037879,5.36873314731752,2.814406580587746,1237.6693054980246,0
60.82283989275424,218.94434880586152,5.393797298216252,2.403480459578094,1688.2818892685493,0
70.65480375065351,215.0641023642441,3.07232742065439,1.223954162666161,1416.14776101104,0
54.82711549899628,219.34371516453848,4.721116605849243,2.4001514068032943,1452.5083565971008,0
74.0934744018558,220.38425941479383,5.845157971184322,3.403942128871101,1444.843832052237,0
82.9889812361925,218.87572009095962,4.951102816525895,2.9326604548161948,1246.2980686517662,1
56.37161439560341,216.7499870958827,3.594810153196425,3.2737515458988202,1495.7703102279986,0
55.54497478599228,220.84327335983363,4.94759554942253,1.9948271993186506,1481.2055333634535,0
74.533844771177,222.20970324784705,6.704105516255491,4.757576872074239,1572.3720745220187,0
75.79572145730712,214.54800461278577,6.246891715534719,1.2357399951678292,1525.3515437078588,0
54.771399728467316,227.05466189873135,4.9379959906339685,3.731340445630078,1739.3983648836709,0
55.798131829041424,219.5070593385787,5.951449277058087,4.772836639439943,1777.0525848142106,0
57.18215391139493,220.09424811472425,4.633492979631948,3.721362139123343,1184.8130034516596,0
46.555494889657226,223.54107211628278,3.296128413173281,2.696213659402755,1760.6317501772314,0
50.81348053515802,221.16608065631752,4.075534011870445,2.207554430005531,1144.0990718670437,0
49.95859233247932,224.76568316956622,6.562888768508198,4.554131476569384,1676.3567664413206,0
52.32202434895871,221.4356208260091,4.726006918170696,0.8655376121074907,1685.9216354108605,0
59.65315112613219,216.9378131267978,4.756616020624982,1.5448136094305345,926.6049325012488,1
62.342147325365204,221.80751762603052,4.70016180372512,2.403663351762418,1527.893773958823,0
75.50500492814076,214.2813689633967,6.904136589573007,4.856480636267998,1359.4511659919053,0
50.016459592612094,220.54279852888263,6.625958915362063,3.569651454061344,1272.3704226193875,0
69.84322398476584,219.83385004677768,7.218780233448134,1.547931362234632,1905.2556992097016,1
57.86011155774491,218.9594157136373,4.840954789599949,2.5345384419226447,1303.8962578087744,0
59.50536290347567,219.35731244280535,5.295624488747095,2.0785152838555585,1258.086921264585,0
66.74819492166604,210.59075477251181,3.483357450579209,1.9353165116496973,1522.708482001528,0
48.772779784377015,217.2563754612952,6.476934426118275,4.468334337835168,1705.676923889525,0
63.82409746184051,220.46422450570557,3.8322204487320652,0.9423853061047414,1457.505424196962,0
61.66452208213056,220.799281959987,5.216775563762629,5.41317128360156,1849.9111637007757,0
64.92451264008149,214.8616242953702,3.902697472367156,4.242344535276934,1659.2926985892273,0
62.89168643907818,226.3285392043235,4.4111331732613035,4.636292505905547,846.5366040805709,1
84.55300139910895,215.6691257589275,4.1627375689503,2.3055907319621127,1341.1599109478975,1
53.62260015748684,224.8472860026337,4.392124739324182,2.775088921381336,1331.4473701944903,0
54.690030449981826,222.13597180935844,4.460877296851021,0.8502722782129322,1643.8082860288266,0
53.76859473575236,216.768863450781,4.451731205074923,2.2130063893997955,712.5548830877665,1
54.44522880839745,228.87655446304757,5.833333911780307,3.7404822714647263,2264.7029126153166,1
53.62612872693482,214.0318158412176,3.8951372069374797,4.944094592672094,1659.307828468263,0
71.89016531107552,224.59577086805,5.220541427013867,1.3392647747963224,1544.6630411753074,0
74.20504247989855,225.0029115902149,6.217959152305559,2.4517410945221014,1854.4703149257439,0
54.29253706250524,216.64689895461677,4.486803635486604,2.7730511696512163,2203.0962158437874,1
51.67644426895771,226.96232650032164,4.282081109252398,0.9063161967112725,1761.2239933765209,0
64.71415556386404,218.74976742700522,4.769475374819749,3.8870238626376006,1784.6439289414861,0
54.477769557190285,221.44346814639928,6.17972520836071,1.9140145023860864,1539.2070073393147,0
66.32931817755511,221.3016091938561,5.194107630953358,2.706914473234464,1457.5422739899154,0
62.029230208513,219.32845629264727,4.468785705392402,2.3220759421321837,1357.2613667985297,0
44.84255885002768,224.05404136579892,5.48387665118804,1.8159922414204885,1252.1664024856373,0
75.47505201330061,223.96744360276105,3.8977078501635765,2.9894325217791677,1293.8957700901508,0
77.95877673095522,211.2573401338091,5.681359510442948,2.676585632147966,1094.833210697105,0
53.87211309515614,226.52170121439076,5.408607307701768,2.4422131765820017,1477.238564794493,0
56.122984400640156,211.68754005982163,4.692191528861116,1.907307567479486,994.5997268320839,1
62.85865390724905,225.16273102170828,4.161414201552769,3.479287006174433,1557.2749572431132,0
63.34456789987025,225.6335256841379,4.113319077716543,5.4804259027384274,1489.1008175872976,0
66.5854427267283,214.545167848924,5.5348173363459106,3.209830849258691,1544.0805895160063,0
80.1020453876635,217.9459285602271,6.228980502489062,4.494177322366694,1343.3605289940024,1
58.2305277250595,214.47147665757032,4.362692252971205,0.914667112269806,2423.058111054151,1
52.01702755461546,218.92539484855632,5.458386703551485,3.236642158940654,1908.0347700540938,0
46.20680771985473,218.45982857907129,2.9129729813979313,1.3539475215434003,1126.637249974583,1
52.69069960058081,223.8983026613467,4.415382269342801,0.7846126087021479,1569.8604262280694,0
59.66873027126203,226.55154373059804,4.968941067129098,1.8909428888114457,1317.5981571188029,0
77.94557863517788,226.97841905394978,4.090316583018167,4.787849001620359,1195.656081987776,0
54.823887009638284,217.1891598671085,4.063493625210404,4.425023743004468,1097.9783786628195,0
62.237879516388986,218.95389063127737,4.332220443531114,3.3645070830815995,1629.6650072277762,0
59.83577103927248,211.58280903889525,5.292192728326373,0.7009491601651039,1295.5859294791278,0
71.88393273448084,215.97064966751907,4.812670981593626,2.7055790229180947,1790.3478072075613,0
85.26932425873622,224.8242581654873,2.761768766675028,3.4525500133526035,1798.1346643591316,1
54.69131227079679,228.07791411774116,2.879299847364934,3.2633043443678966,1912.174315563435,1
55.10560557481778,213.8282556406004,4.393134822142825,0.23430962477888162,1244.2839701777689,0
70.44160877069072,217.03767870423553,5.457686586053552,1.6645232279701923,1642.609683207603,0
66.81891489626311,219.86797121520536,2.2524951572747653,2.903883353776925,1689.7362649926902,1
78.46707325736034,221.40080579409803,4.500269823848369,3.804436364275785,1357.7465474688106,0
65.83928185325964,215.95198240039176,4.473752143482579,-0.29419173164991985,1268.4684127821374,0
56.40707909212941,222.12030522232044,6.388337778208448,2.7568140367802125,1982.856199732792,0
65.9065483069231,217.6308032646454,4.614978188287136,3.2145731548184284,1568.248762719616,0
71.08703580582907,219.9277386456086,5.382988984740928,4.274417982774319,1690.7903252135213,0
68.20482181197364,222.7314212400185,5.141257140087463,4.039286376356155,1253.3771964516218,0
65.07274031107298,220.0321113490547,2.8694335201927994,3.8738569782132077,1134.2146600433418,1
70.66674689589154,217.81807054736717,5.768207216631737,1.8000892399470987,1329.1650676523668,0
71.69295590445672,219.45195098037084,5.215396505456288,0.13799679431503886,1462.793583783001,0
73.82158991037527,219.55818520397332,5.50826863967459,2.4104208644078984,1180.7339979547953,0
66.48709887589642,218.14994485058935,8.926237706436327,4.50244773781284,1497.046557404885,1
58.328819196831454,218.7060196866645,2.9158870605014116,5.090181791286647,993.44844357945,1
61.46713686433323,227.99323585252358,6.724696649761109,4.065823653446678,1163.9857732590383,0
72.06508966508358,222.8045972397062,4.712552480599644,3.6440112342026016,1701.2733744830625,0
51.83064329012764,218.5225984098542,5.287328904403009,3.569459472578948,1681.1371560833682,0
63.686733088729014,223.48477202255367,4.954487754698758,2.165821879858829,1382.43697038394,0
56.06661187672639,218.33090255121996,4.575763666601956,2.80490955966957,1194.670707276914,0
60.28744822934817,225.8656231879332,4.430167071761241,5.5036042887394965,1191.7789345421968,0
72.78451862607298,221.84821096099046,5.329508735573009,1.5861629913121855,1388.0195262176057,0
61.910990680199035,219.46348927997886,3.482826303328321,5.422168186064777,1693.3555474935874,0
60.46436548156149,222.2385846290514,5.7505791675217655,2.5169577682619124,1778.4737074032973,0
46.40143859020081,212.1456192396575,4.583805595114746,4.9881481636426175,1351.0404793554094,0
67.46253566027221,214.36616265545098,3.869930660959642,0.8897774857536929,1153.952272204565,0
66.45484181141076,214.03037496800474,4.549987142004186,3.878856301746974,1580.3530913599,0
81.6325472330546,220.71471547381853,6.257149216862572,1.894844796078567,1252.939508812245,1
56.92221765046999,228.66257499742545,4.4646649129837765,0.8770992121137189,1344.5242083416392,0
62.19150327663939,231.15650073096316,5.35845361820962,3.3278010636164184,1897.5828271311113,1
62.49383683710755,223.19025550720377,4.2690437242845265,4.514207682893954,1748.1346285697305,0
75.77453279763475,222.50422237472227,5.757921849923619,1.7325878421097554,1547.3922936754354,0
59.047044676130476,210.9947113292363,5.685507738790204,0.7514760593123979,1118.4242996661833,0
62.790215257703395,217.28663100132988,6.848608833296412,2.8622328534975674,1563.4189702411977,0
66.0789650971654,216.0610812404588,4.824436054500785,2.8688470068342284,1818.797187236258,0
61.86609123156358,216.8957620087444,5.668654804757907,3.822479441331748,1387.3099002703393,0
55.535663854494715,219.15928090707604,5.0980675395389445,4.424391857046732,1905.3342269960144,0
61.94089992898308,217.63954711151436,6.295871781863014,2.910877228091259,1887.823586855462,0
70.73631749859771,210.10350094812105,4.28116761239127,5.783254972191394,1999.119849643042,0
49.7348470058894,223.73955128058768,5.745005312877281,3.3363521168029378,1591.5729379594059,0
61.32969674146876,214.63628487130097,4.805302703883318,2.4803602409896506,1676.2175099418037,0
52.99879185060827,221.19623432055576,4.935811822891503,0.5826489613457584,1924.256186499327,0
71.95046628924842,230.37041334874988,5.091752484448373,2.6060107195257483,1634.2181811206926,1
44.76813095216225,215.40307704206788,5.252240396426678,2.4954195818832954,1349.6297676629363,0
54.410781527284115,207.34856238626836,4.883770956878042,4.440457194422206,1365.4371490416415,1
63.772118750645205,218.56997889059946,5.2147131831705265,3.693725436100281,1571.5664861321218,0
75.65524029234341,225.50479817499286,6.578118057562184,1.2309463175510742,1112.8315734161345,0
59.34249738927012,229.79173727110296,5.985449685615219,3.258381579616556,1457.0223253907423,0
54.44800473306802,213.8522520277379,5.869154592496897,4.00729675759358,1828.9641354690762,0
78.8115706944059,222.4834961161826,4.544460473976129,5.29204703908175,842.6238446504157,1
45.51986099583756,217.67344771609973,4.110759171771676,4.331255951121089,1960.3446305383545,0
38.01194043379918,219.4702582284793,5.955300558237753,4.141269981467216,1836.712265610948,0
64.40014450053333,233.22171673508518,5.876046792529794,3.0901289919227453,1362.0706152508571,1
54.97945775647389,212.48514835802425,6.472670675750982,3.5824680081351743,1663.017248361543,0
49.787671828692865,221.26869830747287,4.396019374030771,4.874257351059239,1500.944318071898,0
67.08356447299353,222.33846585882716,4.770451344639653,1.0008339037805254,1868.997110531605,0
62.43800713771199,225.42893162469673,3.3605158374745656,2.475841009174566,1794.8049428309823,0
54.359213692632714,220.4899157673545,4.6075288939391275,1.841146876865639,1079.9787830450973,0
47.19695601329106,221.54025269752051,5.996570510579447,3.568729678089186,1676.178724039253,0
68.72457328280144,218.04175716289103,4.533504620771802,4.845333263476181,1438.3116439070257,0
66.50201177958661,221.34563470622552,5.640479795200823,2.104538569918389,1524.84977115543,0
59.00824136220617,218.28403862251295,4.809496894002189,-0.5854565512041567,1281.5484297090554,0
78.46636996047665,223.10785944928026,5.324057028221561,2.381668882463295,2024.4411207362505,1
49.29915233673847,218.15194831978184,3.8523086101843327,4.37021059802611,1812.0185459707727,0
44.74474829075261,221.88550196951093,5.085209449633901,3.8064448544248197,1278.0686508081099,0
53.080919301187556,219.85368593157511,2.0088640290992767,3.642279371715864,1099.6168179269303,1
59.54413983644502,225.63025125386085,4.813103841838015,2.5800100471882805,1384.2982107066455,0
62.43339449322692,219.74303138205758,3.36952675628486,1.0814538956703204,1630.3507938273917,0
57.5876394214367,211.13483765896558,6.205994516546816,3.772941482436701,1572.0617531838668,0
63.520553965142966,226.30960750356996,5.777407352764511,1.748577284948063,1875.939847430473,0
47.48460575809556,215.4713384956869,5.466670981966081,6.276145100070684,1736.9759166542558,0
74.4376460407326,216.7311683067559,6.52100622715938,3.855760812531774,1790.870707725872,0
59.178488216074314,217.02169352978254,4.051083479175163,2.1290275461690733,1598.0566201831311,0
71.17295831588127,226.8721904658541,6.747363197915558,2.0829221289170574,1083.210380936703,0
63.42725346377704,209.32162893010653,5.932191564260385,2.8605836900796175,1441.2904406559296,1
64.56753219153784,235.68874266829997,4.7634447127810535,2.6407471169673755,1818.0269219725997,1
65.69767280232205,225.28028404533026,6.135620147182944,4.675250663294931,1484.5431214426062,0
64.47708560017315,221.1161945706458,3.893706487588366,3.2796242546160697,1650.927110587124,0
66.42722759867544,219.72552999691857,4.175485838472326,1.902552391637208,1404.37550542616,0
73.29152530132431,221.4277703742883,4.3914102767603,5.835661027733674,1191.0564454374464,0
61.9652116970147,222.6056121418967,4.471022291935984,3.073962497280334,1462.996780786167,0
67.09003757588512,223.2260779297503,3.9434423572397472,4.153259513953345,1592.7142329097962,0
59.102643057127736,222.77802233001725,6.223083067095325,2.087660238832861,1303.293684161567,0
74.40117215449473,220.44790340627625,4.741145599630168,3.5446734416167853,1429.2866265429993,0
53.2360769794073,219.01330789846338,5.35250496835688,3.4666649867147927,1218.1610274042052,0
78.00940432910815,219.24363358173244,4.42964863358632,0.16552606185577057,1835.7734752692288,0
59.59842049355657,219.02545859823658,3.179396699451483,6.02291266569096,1411.66327272359,0
45.69224897881952,225.66885048433534,5.270057358391422,4.935966691383821,1935.826663537855,0
61.28104414910789,222.96778361140431,3.087745024580223,2.4042070257810186,1958.6243551622724,0
53.18948342525119,205.2980568266786,4.931365953914532,1.3465953893162168,1475.6862105834768,1
68.40643548988724,223.2795038826488,3.6316849611671893,3.521342420705328,1197.4653802357952,0
53.47376020697609,220.97368097359387,6.987275999230808,3.130046549121595,874.2306366799988,1
55.538165667852205,219.9064562177705,5.911362722174721,3.533503422844844,1058.3888780919624,0
41.10459269054469,218.05740773455557,5.10575379127148,3.2873660942911345,1087.849552530402,0
55.47693680750923,225.62056359993008,6.263706677654668,3.759361483958889,1913.5408882384513,0
35.76120673371044,224.7376323106143,4.153684022534264,5.170958549087709,1534.7473761680837,0
44.16097176514277,216.13561166088195,5.543479378670093,3.852154807692969,1616.8813572275963,0
67.60414656144297,222.0352614356227,5.199810433718714,1.4255167516350884,833.8736973194622,1
67.85800158650832,215.14171632729358,5.26402008133367,5.0438442790686775,1140.6100712348216,0
64.25457561784965,213.10190917605536,6.272353500106767,5.460921845232431,1766.1239329338862,0
50.33023856870787,216.86641387705018,5.732492102779802,7.728085101768127,1586.0322337147759,1
59.5228864385802,224.3119673619138,5.288723662825023,1.314758950140603,1455.8384163943208,0
59.963974609094315,224.76562522688045,3.345112563771704,3.3643230197254126,1669.4527075800368,0
48.416353108074574,222.56542710048646,4.039953704720537,-0.1231480547834809,1990.7393418407446,0
75.0339830176715,223.62547893424,4.8772910664042755,3.8297237345688138,1433.6872609388847,0
68.77362290575671,222.58089143557478,5.093372374276651,2.177699552749841,1520.810940797421,0
57.79035826170336,216.79259202388525,3.869796275326076,5.88516869223743,1557.7790756193915,0
60.26885838994531,222.1596127233697,7.411676675578422,1.8380775449721272,2217.632890582198,1
62.08382807947552,224.00204762613842,6.516394055253572,0.4662254430491073,870.1931206742923,1
39.58265131575709,223.77145664906786,5.602118320392483,2.2931043889462206,1704.9669044366424,0
57.52822617479403,225.94456685737322,5.0720368612837445,0.03676834317429378,1465.559325372281,0
53.180157520022014,223.5415192360053,4.787791030098848,4.126649181760965,1670.031517855254,0
49.983799901050844,221.75724103770793,4.0480815399777645,-0.09762456938448061,1302.7882338015827,0
57.18899707114045,225.35075119158213,5.077480518518863,3.0426863717747383,1485.310490742465,0
77.97686526849523,219.8673937037547,5.257752540142751,-0.11671772978429518,1713.4231738396486,0
66.4084286126701,215.5906267438614,3.7582394245183757,2.5195532931950373,2433.8730603131526,1
54.28821010217203,219.18466518028117,5.3341764172448976,5.465067233706801,1742.4108568206213,0
65.72582781356158,216.27548677596775,4.844740951175251,3.5409718371536925,1245.5803205908474,0
